Timestamp,Provider,ResourceId,ResourceType,CPUUtilization,MemoryUtilization,NetworkIn,NetworkOut,DiskIO,Cost
2025-09-23T12:00:00,AWS,i-0a1b2c3d4e,EC2,22.484,34.447,0.6584,0.4565,1,0.14287
2025-09-23T12:00:00,AWS,rds-prod-1,RDS,21.881,43.52,0.1056,0.5543,0,0.24275
2025-09-23T12:00:00,Azure,vm-azure-01,VM,16.461,29.251,0.3156,0.314,1,0.11003
2025-09-23T13:00:00,AWS,i-0a1b2c3d4e,EC2,21.249,31.828,0.1003,0.1013,2,0.13825
2025-09-23T13:00:00,AWS,rds-prod-1,RDS,21.338,34.873,0.1934,1.661,1,0.23831
2025-09-23T13:00:00,Azure,vm-azure-01,VM,19.353,27.166,0.0155,0.1144,2,0.1137
2025-09-23T14:00:00,AWS,i-0a1b2c3d4e,EC2,12.86,29.53,0.2281,0.3045,2,0.12532
2025-09-23T14:00:00,AWS,rds-prod-1,RDS,22.13,41.375,0.7102,0.4657,1,0.24286
2025-09-23T14:00:00,Azure,vm-azure-01,VM,6.746,27.507,0.0178,0.4005,2,0.09936
2025-09-23T15:00:00,AWS,rds-prod-1,RDS,15.601,34.388,1.4824,0.9241,1,0.23353
2025-09-23T15:00:00,Azure,vm-azure-01,VM,9.576,20.396,0.0953,0.2388,3,0.10128
2025-09-23T15:00:00,AWS,i-0a1b2c3d4e,EC2,14.807,29.062,0.5764,0.29,0,0.12875
2025-09-23T16:00:00,Azure,vm-azure-01,VM,9.767,33.064,1.3236,0.245,0,0.10937
2025-09-23T16:00:00,AWS,i-0a1b2c3d4e,EC2,10.192,32.227,0.5431,0.1868,2,0.12778
2025-09-23T16:00:00,AWS,rds-prod-1,RDS,21.113,35.737,0.2264,0.51,0,0.24092
2025-09-23T17:00:00,Azure,vm-azure-01,VM,6.03,22.359,0.0153,1.6284,3,0.0948
2025-09-23T17:00:00,AWS,i-0a1b2c3d4e,EC2,11.198,29.708,0.2461,0.1583,2,0.12545
2025-09-23T17:00:00,AWS,rds-prod-1,RDS,16.959,32.551,0.2252,0.0344,1,0.23375
2025-09-23T18:00:00,Azure,vm-azure-01,VM,6.657,27.134,0.1625,0.1654,1,0.09805
2025-09-23T18:00:00,AWS,rds-prod-1,RDS,12.21,51.334,0.6068,0.0352,1,0.23506
2025-09-23T18:00:00,AWS,i-0a1b2c3d4e,EC2,12.911,33.551,0.6528,0.7376,0,0.13035
2025-09-23T19:00:00,AWS,rds-prod-1,RDS,22.161,31.432,0.1333,0.0255,2,0.23842
2025-09-23T19:00:00,AWS,i-0a1b2c3d4e,EC2,15.218,28.254,0.1862,0.1967,4,0.12897
2025-09-23T19:00:00,Azure,vm-azure-01,VM,0.0,24.736,0.1513,0.2103,3,0.09077
2025-09-23T20:00:00,AWS,rds-prod-1,RDS,20.805,48.439,0.3593,0.1558,4,0.24251
2025-09-23T20:00:00,AWS,i-0a1b2c3d4e,EC2,18.817,32.023,0.3404,0.3698,1,0.13199
2025-09-23T20:00:00,Azure,vm-azure-01,VM,0.863,26.863,1.7222,0.2959,1,0.09594
2025-09-23T21:00:00,AWS,rds-prod-1,RDS,23.771,42.98,0.3024,0.3889,3,0.24665
2025-09-23T21:00:00,AWS,i-0a1b2c3d4e,EC2,18.141,35.079,0.1434,0.2641,2,0.13572
2025-09-23T21:00:00,Azure,vm-azure-01,VM,12.009,29.925,0.8503,0.7074,0,0.1073
2025-09-23T22:00:00,AWS,rds-prod-1,RDS,26.461,45.19,0.5016,0.0524,1,0.25217
2025-09-23T22:00:00,AWS,i-0a1b2c3d4e,EC2,19.577,33.815,0.814,0.1032,4,0.13903
2025-09-23T22:00:00,Azure,vm-azure-01,VM,5.255,34.489,0.2574,1.0796,4,0.10083
2025-09-23T23:00:00,AWS,rds-prod-1,RDS,18.884,43.139,0.0961,2.1753,2,0.23877
2025-09-23T23:00:00,Azure,vm-azure-01,VM,2.988,29.623,0.1698,0.3394,2,0.10122
2025-09-23T23:00:00,AWS,i-0a1b2c3d4e,EC2,15.952,23.085,0.1256,0.0638,2,0.12819
2025-09-24T00:00:00,Azure,vm-azure-01,VM,19.557,30.423,0.2108,0.6603,6,0.1157
2025-09-24T00:00:00,AWS,rds-prod-1,RDS,27.016,38.302,0.5247,0.0125,2,0.24679
2025-09-24T00:00:00,AWS,i-0a1b2c3d4e,EC2,21.288,34.702,1.641,0.145,2,0.13732
2025-09-24T01:00:00,Azure,vm-azure-01,VM,20.12,32.003,0.3118,0.0632,2,0.1143
2025-09-24T01:00:00,AWS,rds-prod-1,RDS,35.918,48.985,0.2592,0.226,3,0.26395
2025-09-24T01:00:00,AWS,i-0a1b2c3d4e,EC2,22.608,38.205,0.1369,0.0783,2,0.14119
2025-09-24T02:00:00,Azure,vm-azure-01,VM,20.36,31.651,0.38,0.0545,1,0.11237
2025-09-24T02:00:00,AWS,rds-prod-1,RDS,26.9,46.095,0.8719,0.332,2,0.25117
2025-09-24T02:00:00,AWS,i-0a1b2c3d4e,EC2,28.955,33.862,0.2293,0.5003,2,0.1493
2025-09-24T03:00:00,Azure,vm-azure-01,VM,17.769,31.881,0.1284,0.4759,2,0.11749
2025-09-24T03:00:00,AWS,rds-prod-1,RDS,32.178,43.009,0.3167,0.2292,0,0.25009
2025-09-24T03:00:00,AWS,i-0a1b2c3d4e,EC2,31.439,38.572,0.1284,0.5181,1,0.14999
2025-09-24T04:00:00,AWS,rds-prod-1,RDS,32.467,53.172,0.3082,0.1075,1,0.25755
2025-09-24T04:00:00,AWS,i-0a1b2c3d4e,EC2,26.719,35.788,0.0602,1.2931,3,0.14396
2025-09-24T04:00:00,Azure,vm-azure-01,VM,12.839,33.016,0.2251,0.8192,1,0.11181
2025-09-24T05:00:00,AWS,i-0a1b2c3d4e,EC2,28.63,34.069,0.2148,0.6472,4,0.14805
2025-09-24T05:00:00,Azure,vm-azure-01,VM,24.336,32.607,0.8262,0.8676,2,0.11804
2025-09-24T05:00:00,AWS,rds-prod-1,RDS,35.024,51.169,0.0391,0.0721,3,0.25882
2025-09-24T06:00:00,AWS,i-0a1b2c3d4e,EC2,31.465,37.143,0.0025,0.0877,3,0.15235
2025-09-24T06:00:00,Azure,vm-azure-01,VM,25.952,36.797,0.3792,0.0166,2,0.1278
2025-09-24T06:00:00,AWS,rds-prod-1,RDS,40.482,45.937,0.2874,0.1559,4,0.25892
2025-09-24T07:00:00,AWS,i-0a1b2c3d4e,EC2,25.556,43.683,0.5359,0.42,0,0.14822
2025-09-24T07:00:00,Azure,vm-azure-01,VM,27.155,34.29,0.0619,0.4744,2,0.12289
2025-09-24T07:00:00,AWS,rds-prod-1,RDS,37.905,48.919,0.2338,0.2419,3,0.2638
2025-09-24T08:00:00,AWS,i-0a1b2c3d4e,EC2,33.054,38.372,0.4987,0.7919,3,0.15232
2025-09-24T08:00:00,Azure,vm-azure-01,VM,29.456,32.985,0.8428,0.4732,1,0.12942
2025-09-24T08:00:00,AWS,rds-prod-1,RDS,38.848,53.697,0.254,0.3437,1,0.26391
2025-09-24T09:00:00,Azure,vm-azure-01,VM,17.787,31.313,0.2515,0.1003,1,0.11385
2025-09-24T09:00:00,AWS,rds-prod-1,RDS,35.131,47.831,0.2585,0.5676,4,0.25325
2025-09-24T09:00:00,AWS,i-0a1b2c3d4e,EC2,26.385,38.039,1.7004,1.6569,2,0.14688
2025-09-24T10:00:00,AWS,rds-prod-1,RDS,40.443,48.338,0.0408,0.0377,2,0.2659
2025-09-24T10:00:00,Azure,vm-azure-01,VM,12.428,33.786,0.349,0.6574,5,0.10973
2025-09-24T10:00:00,AWS,i-0a1b2c3d4e,EC2,26.07,32.517,1.3756,0.5954,1,0.14245
2025-09-24T11:00:00,AWS,rds-prod-1,RDS,32.998,39.285,0.4666,1.3328,2,0.25092
2025-09-24T11:00:00,Azure,vm-azure-01,VM,25.747,28.362,0.6574,0.87,1,0.12356
2025-09-24T11:00:00,AWS,i-0a1b2c3d4e,EC2,16.873,37.725,0.597,0.6061,1,0.13686
2025-09-24T12:00:00,Azure,vm-azure-01,VM,5.165,25.531,1.2329,0.1446,3,0.09774
2025-09-24T12:00:00,AWS,i-0a1b2c3d4e,EC2,22.575,50.411,0.8005,0.5249,4,0.1477
2025-09-24T12:00:00,AWS,rds-prod-1,RDS,27.167,48.383,0.1367,0.7732,0,0.25471
2025-09-24T13:00:00,AWS,i-0a1b2c3d4e,EC2,14.738,26.552,0.4468,0.0155,0,0.12873
2025-09-24T13:00:00,AWS,rds-prod-1,RDS,29.621,48.614,0.4402,0.3966,2,0.25077
2025-09-24T13:00:00,Azure,vm-azure-01,VM,14.51,25.25,0.556,0.8185,3,0.10969
2025-09-24T14:00:00,AWS,i-0a1b2c3d4e,EC2,15.321,28.189,0.7348,0.1216,1,0.1337
2025-09-24T14:00:00,AWS,rds-prod-1,RDS,31.2,42.503,0.6041,0.778,2,0.25272
2025-09-24T14:00:00,Azure,vm-azure-01,VM,18.247,31.782,0.5824,0.0641,2,0.10964
2025-09-24T15:00:00,AWS,i-0a1b2c3d4e,EC2,16.099,23.364,0.7928,0.1579,1,0.12815
2025-09-24T15:00:00,Azure,vm-azure-01,VM,14.236,25.153,0.2708,0.7079,1,0.10614
2025-09-24T15:00:00,AWS,rds-prod-1,RDS,23.056,38.598,0.8849,0.6086,3,0.24397
2025-09-24T16:00:00,Azure,vm-azure-01,VM,0.676,27.047,0.1332,0.012,2,0.09392
2025-09-24T16:00:00,AWS,rds-prod-1,RDS,21.514,35.168,0.376,0.832,2,0.23888
2025-09-24T16:00:00,AWS,i-0a1b2c3d4e,EC2,13.865,34.133,0.2629,0.0952,1,0.12841
2025-09-24T17:00:00,Azure,vm-azure-01,VM,9.039,17.533,0.0145,0.4376,0,0.10044
2025-09-24T17:00:00,AWS,rds-prod-1,RDS,18.449,35.511,0.6858,0.0042,1,0.23648
2025-09-24T17:00:00,AWS,i-0a1b2c3d4e,EC2,14.93,38.659,0.272,0.1423,2,0.13632
2025-09-24T18:00:00,Azure,vm-azure-01,VM,5.484,22.985,0.2535,1.821,2,0.09867
2025-09-24T18:00:00,AWS,rds-prod-1,RDS,25.067,44.849,0.2507,0.0006,0,0.25067
2025-09-24T18:00:00,AWS,i-0a1b2c3d4e,EC2,8.813,37.488,0.0515,0.3383,1,0.13064
2025-09-24T19:00:00,Azure,vm-azure-01,VM,0.0,24.774,0.893,0.819,1,0.09118
2025-09-24T19:00:00,AWS,rds-prod-1,RDS,17.495,36.982,0.1066,0.9163,2,0.23607
2025-09-24T19:00:00,AWS,i-0a1b2c3d4e,EC2,16.957,29.657,0.4916,0.3497,2,0.13085
2025-09-24T20:00:00,Azure,vm-azure-01,VM,5.786,22.083,0.2058,1.0228,0,0.09681
2025-09-24T20:00:00,AWS,i-0a1b2c3d4e,EC2,11.689,29.129,1.4086,0.4284,2,0.12713
2025-09-24T20:00:00,AWS,rds-prod-1,RDS,26.033,35.777,0.0972,0.434,3,0.24259
2025-09-24T21:00:00,AWS,i-0a1b2c3d4e,EC2,12.386,29.519,0.1921,0.9318,0,0.12756
2025-09-24T21:00:00,Azure,vm-azure-01,VM,4.642,18.736,0.2509,0.3774,1,0.09266
2025-09-24T21:00:00,AWS,rds-prod-1,RDS,17.793,35.723,0.2975,0.1932,5,0.2345
2025-09-24T22:00:00,AWS,i-0a1b2c3d4e,EC2,16.785,29.728,0.4957,1.0497,3,0.13161
2025-09-24T22:00:00,Azure,vm-azure-01,VM,9.14,26.821,0.1561,0.224,2,0.10066
2025-09-24T22:00:00,AWS,rds-prod-1,RDS,28.954,43.722,0.2903,1.1572,3,0.25059
2025-09-24T23:00:00,AWS,i-0a1b2c3d4e,EC2,17.998,38.817,0.2084,1.3351,4,0.13622
2025-09-24T23:00:00,Azure,vm-azure-01,VM,15.453,23.437,1.0862,1.1302,1,0.10872
2025-09-24T23:00:00,AWS,rds-prod-1,RDS,25.954,41.494,0.0121,0.2989,2,0.24701
2025-09-25T00:00:00,AWS,i-0a1b2c3d4e,EC2,17.384,38.797,1.1294,0.2465,0,0.13743
2025-09-25T00:00:00,Azure,vm-azure-01,VM,19.877,32.063,0.559,0.8696,1,0.11351
2025-09-25T00:00:00,AWS,rds-prod-1,RDS,22.866,45.277,0.1925,0.448,0,0.24668
2025-09-25T01:00:00,Azure,vm-azure-01,VM,22.057,34.866,1.0053,0.1709,2,0.12315
2025-09-25T01:00:00,AWS,rds-prod-1,RDS,36.23,49.605,0.5534,0.3241,1,0.26297
2025-09-25T01:00:00,AWS,i-0a1b2c3d4e,EC2,21.937,36.682,0.4996,0.2975,1,0.14147
2025-09-25T02:00:00,AWS,rds-prod-1,RDS,23.796,47.523,0.1625,0.5147,4,0.25284
2025-09-25T02:00:00,AWS,i-0a1b2c3d4e,EC2,28.121,40.013,0.0478,0.341,0,0.14751
2025-09-25T02:00:00,Azure,vm-azure-01,VM,25.723,33.339,0.1125,1.3623,4,0.12049
2025-09-25T03:00:00,AWS,rds-prod-1,RDS,40.062,48.733,0.4771,0.3293,0,0.26587
2025-09-25T03:00:00,AWS,i-0a1b2c3d4e,EC2,31.09,40.991,0.0533,0.0439,1,0.1543
2025-09-25T03:00:00,Azure,vm-azure-01,VM,18.686,30.445,1.0033,0.0543,0,0.11557
2025-09-25T04:00:00,AWS,rds-prod-1,RDS,33.034,44.956,0.9096,0.0376,2,0.25893
2025-09-25T04:00:00,AWS,i-0a1b2c3d4e,EC2,34.432,37.421,1.4711,2.1344,2,0.15486
2025-09-25T04:00:00,Azure,vm-azure-01,VM,21.395,37.909,0.5643,0.451,3,0.12181
2025-09-25T05:00:00,AWS,rds-prod-1,RDS,35.805,44.716,2.8544,0.6947,2,0.25637
2025-09-25T05:00:00,AWS,i-0a1b2c3d4e,EC2,28.86,39.754,0.0057,0.3162,0,0.14673
2025-09-25T05:00:00,Azure,vm-azure-01,VM,19.473,37.304,0.6873,0.1234,0,0.11549
2025-09-25T06:00:00,AWS,rds-prod-1,RDS,41.126,56.316,0.9188,0.017,1,0.26901
2025-09-25T06:00:00,Azure,vm-azure-01,VM,20.766,39.998,0.3256,1.3215,2,0.12092
2025-09-25T06:00:00,AWS,i-0a1b2c3d4e,EC2,36.356,43.083,0.4378,1.6374,1,0.15804
2025-09-25T07:00:00,Azure,vm-azure-01,VM,23.296,40.603,0.096,0.1754,2,0.11918
2025-09-25T07:00:00,AWS,i-0a1b2c3d4e,EC2,34.577,41.724,0.3702,0.4963,3,0.15555
2025-09-25T07:00:00,AWS,rds-prod-1,RDS,43.521,49.965,1.3356,0.0027,2,0.26911
2025-09-25T08:00:00,Azure,vm-azure-01,VM,23.723,45.804,0.036,0.0471,3,0.12708
2025-09-25T08:00:00,AWS,i-0a1b2c3d4e,EC2,28.106,43.235,0.484,0.1624,1,0.1459
2025-09-25T08:00:00,AWS,rds-prod-1,RDS,39.021,52.283,0.3748,0.0761,0,0.26658
2025-09-25T09:00:00,AWS,i-0a1b2c3d4e,EC2,28.883,40.821,0.0887,1.2092,6,0.15123
2025-09-25T09:00:00,AWS,rds-prod-1,RDS,38.211,51.034,0.041,0.4629,1,0.26153
2025-09-25T09:00:00,Azure,vm-azure-01,VM,12.782,35.949,0.7856,0.5641,3,0.11135
2025-09-25T10:00:00,AWS,rds-prod-1,RDS,29.134,48.919,0.6767,0.1802,1,0.25052
2025-09-25T10:00:00,Azure,vm-azure-01,VM,25.934,38.245,0.45,0.0082,3,0.12552
2025-09-25T10:00:00,AWS,i-0a1b2c3d4e,EC2,30.897,35.623,2.1821,0.0815,5,0.14872
2025-09-25T11:00:00,AWS,rds-prod-1,RDS,30.322,42.909,1.0673,1.112,1,0.25354
2025-09-25T11:00:00,Azure,vm-azure-01,VM,112.937,30.431,0.6527,0.7567,0,0.20641
2025-09-25T11:00:00,AWS,i-0a1b2c3d4e,EC2,22.823,34.494,0.2994,0.0691,2,0.14132
2025-09-25T12:00:00,AWS,rds-prod-1,RDS,34.751,50.086,0.49,0.166,1,0.25779
2025-09-25T12:00:00,AWS,i-0a1b2c3d4e,EC2,15.861,33.785,0.5567,0.3673,4,0.13404
2025-09-25T12:00:00,Azure,vm-azure-01,VM,20.851,30.537,1.5807,0.4171,1,0.113
2025-09-25T13:00:00,AWS,i-0a1b2c3d4e,EC2,24.255,29.846,0.0733,0.0073,2,0.14055
2025-09-25T13:00:00,Azure,vm-azure-01,VM,19.929,27.385,0.1891,0.0508,2,0.1132
2025-09-25T13:00:00,AWS,rds-prod-1,RDS,31.586,39.02,0.013,0.2086,4,0.24861
2025-09-25T14:00:00,AWS,i-0a1b2c3d4e,EC2,16.001,23.817,0.7654,0.2525,3,0.12735
2025-09-25T14:00:00,Azure,vm-azure-01,VM,7.19,31.559,0.1825,0.2577,3,0.10643
2025-09-25T14:00:00,AWS,rds-prod-1,RDS,24.917,45.233,0.2092,1.29,0,0.24681
2025-09-25T15:00:00,AWS,i-0a1b2c3d4e,EC2,4.605,31.44,0.1993,0.5017,1,0.12113
2025-09-25T15:00:00,Azure,vm-azure-01,VM,11.443,30.607,1.0312,0.3465,2,0.10839
2025-09-25T15:00:00,AWS,rds-prod-1,RDS,15.764,46.627,0.0004,1.3811,1,0.24081
2025-09-25T16:00:00,AWS,i-0a1b2c3d4e,EC2,5.833,32.621,0.2121,1.1355,2,0.12108
2025-09-25T16:00:00,Azure,vm-azure-01,VM,16.77,21.611,0.9484,0.1092,0,0.11268
2025-09-25T16:00:00,AWS,rds-prod-1,RDS,17.753,39.292,0.0566,0.6355,2,0.23708
2025-09-25T17:00:00,AWS,i-0a1b2c3d4e,EC2,6.376,29.742,0.1155,0.2265,2,0.11918
2025-09-25T17:00:00,AWS,rds-prod-1,RDS,15.751,40.54,0.1462,1.4112,3,0.23289
2025-09-25T17:00:00,Azure,vm-azure-01,VM,2.13,21.757,0.0294,0.0557,2,0.09318
2025-09-25T18:00:00,AWS,rds-prod-1,RDS,25.68,39.384,1.442,0.2047,1,0.24605
2025-09-25T18:00:00,AWS,i-0a1b2c3d4e,EC2,14.257,27.519,0.6897,0.102,1,0.12676
2025-09-25T18:00:00,Azure,vm-azure-01,VM,4.988,22.643,0.5845,0.1454,4,0.09527
2025-09-25T19:00:00,AWS,rds-prod-1,RDS,19.024,39.542,0.4653,0.5886,3,0.23638
2025-09-25T19:00:00,AWS,i-0a1b2c3d4e,EC2,0.0,33.576,1.1279,0.3584,1,0.11481
2025-09-25T19:00:00,Azure,vm-azure-01,VM,16.161,27.565,0.4065,0.2221,1,0.1081
2025-09-25T20:00:00,AWS,rds-prod-1,RDS,23.424,45.338,0.8924,0.3406,0,0.24806
2025-09-25T20:00:00,AWS,i-0a1b2c3d4e,EC2,7.287,27.052,0.2368,0.0101,1,0.12125
2025-09-25T20:00:00,Azure,vm-azure-01,VM,10.171,29.712,0.2012,0.563,3,0.10546
2025-09-25T21:00:00,AWS,rds-prod-1,RDS,26.276,41.303,0.2733,0.2643,1,0.24314
2025-09-25T21:00:00,AWS,i-0a1b2c3d4e,EC2,17.482,35.686,0.345,0.0455,3,0.13663
2025-09-25T21:00:00,Azure,vm-azure-01,VM,3.035,26.112,0.032,0.2072,1,0.09677
2025-09-25T22:00:00,AWS,i-0a1b2c3d4e,EC2,21.979,27.261,0.4229,0.2201,3,0.13485
2025-09-25T22:00:00,Azure,vm-azure-01,VM,0.0,24.756,0.256,0.0612,3,0.09272
2025-09-25T22:00:00,AWS,rds-prod-1,RDS,17.623,46.59,1.8086,0.1077,1,0.24109
2025-09-25T23:00:00,Azure,vm-azure-01,VM,14.966,38.484,0.4358,0.2566,1,0.11312
2025-09-25T23:00:00,AWS,rds-prod-1,RDS,32.281,51.925,0.2447,0.521,0,0.25941
2025-09-25T23:00:00,AWS,i-0a1b2c3d4e,EC2,15.345,30.392,1.1354,0.0418,3,0.12945
2025-09-26T00:00:00,Azure,vm-azure-01,VM,10.798,32.706,0.0302,0.4019,3,0.1074
2025-09-26T00:00:00,AWS,rds-prod-1,RDS,34.919,45.504,0.0553,0.8648,1,0.2577
2025-09-26T00:00:00,AWS,i-0a1b2c3d4e,EC2,21.187,36.094,0.1491,0.0937,4,0.13771
2025-09-26T01:00:00,Azure,vm-azure-01,VM,13.63,30.477,0.1757,0.0774,1,0.11048
2025-09-26T01:00:00,AWS,rds-prod-1,RDS,26.605,45.232,0.3373,0.9445,2,0.25196
2025-09-26T01:00:00,AWS,i-0a1b2c3d4e,EC2,13.564,29.784,0.061,0.4716,2,0.12855
2025-09-26T02:00:00,Azure,vm-azure-01,VM,26.012,33.769,0.0418,0.3239,3,0.12402
2025-09-26T02:00:00,AWS,rds-prod-1,RDS,31.376,43.999,0.8126,0.0226,1,0.25546
2025-09-26T02:00:00,AWS,i-0a1b2c3d4e,EC2,24.257,35.87,0.0722,0.0327,3,0.14075
2025-09-26T03:00:00,AWS,rds-prod-1,RDS,36.964,52.615,0.0253,0.0012,2,0.25853
2025-09-26T03:00:00,AWS,i-0a1b2c3d4e,EC2,39.24,31.455,1.3263,0.8878,1,0.1529
2025-09-26T03:00:00,Azure,vm-azure-01,VM,18.003,33.13,0.3631,0.4345,5,0.11358
2025-09-26T04:00:00,AWS,i-0a1b2c3d4e,EC2,31.1,45.651,0.922,0.0753,2,0.15451
2025-09-26T04:00:00,AWS,rds-prod-1,RDS,45.323,53.046,0.0983,0.0415,5,0.26846
2025-09-26T04:00:00,Azure,vm-azure-01,VM,20.711,37.707,0.0709,0.2898,2,0.11698
2025-09-26T05:00:00,AWS,i-0a1b2c3d4e,EC2,40.036,43.314,0.2492,0.848,2,0.16104
2025-09-26T05:00:00,AWS,rds-prod-1,RDS,44.692,47.551,0.3564,0.4401,2,0.26775
2025-09-26T05:00:00,Azure,vm-azure-01,VM,21.998,32.4,0.8588,0.8753,3,0.11804
2025-09-26T06:00:00,AWS,rds-prod-1,RDS,38.064,45.61,0.0759,0.4903,4,0.26102
2025-09-26T06:00:00,Azure,vm-azure-01,VM,27.333,40.385,0.2673,1.5844,2,0.13033
2025-09-26T06:00:00,AWS,i-0a1b2c3d4e,EC2,22.099,40.064,1.1492,0.2422,3,0.14038
2025-09-26T07:00:00,Azure,vm-azure-01,VM,27.43,28.652,0.5491,0.0417,1,0.12202
2025-09-26T07:00:00,AWS,i-0a1b2c3d4e,EC2,27.657,41.867,0.3812,1.1217,1,0.15109
2025-09-26T07:00:00,AWS,rds-prod-1,RDS,44.503,53.698,0.0814,0.0197,2,0.27234
2025-09-26T08:00:00,Azure,vm-azure-01,VM,20.969,33.787,0.2536,0.3584,3,0.11812
2025-09-26T08:00:00,AWS,i-0a1b2c3d4e,EC2,36.209,40.938,1.0468,0.2093,1,0.15925
2025-09-26T08:00:00,AWS,rds-prod-1,RDS,38.271,47.506,1.1274,2.0272,1,0.26365
2025-09-26T09:00:00,Azure,vm-azure-01,VM,18.398,37.589,0.4081,1.6068,0,0.11755
2025-09-26T09:00:00,AWS,rds-prod-1,RDS,41.575,44.863,0.1185,0.5828,1,0.26529
2025-09-26T09:00:00,AWS,i-0a1b2c3d4e,EC2,24.848,36.826,0.6405,0.6365,3,0.14216
2025-09-26T10:00:00,AWS,rds-prod-1,RDS,42.152,46.585,0.912,0.5318,1,0.2637
2025-09-26T10:00:00,AWS,i-0a1b2c3d4e,EC2,25.853,40.842,0.2561,0.31,2,0.14649
2025-09-26T10:00:00,Azure,vm-azure-01,VM,20.876,27.153,0.5186,0.0233,3,0.11456
2025-09-26T11:00:00,AWS,rds-prod-1,RDS,29.189,49.818,0.0552,0.637,1,0.25391
2025-09-26T11:00:00,AWS,i-0a1b2c3d4e,EC2,26.217,38.218,0.6142,0.0828,3,0.14577
2025-09-26T11:00:00,Azure,vm-azure-01,VM,12.285,28.426,2.2784,0.5765,1,0.10393
2025-09-26T12:00:00,AWS,rds-prod-1,RDS,36.508,42.234,0.1488,0.5913,0,0.25515
2025-09-26T12:00:00,AWS,i-0a1b2c3d4e,EC2,15.052,34.497,2.0946,0.9129,0,0.13738
2025-09-26T12:00:00,Azure,vm-azure-01,VM,20.768,35.545,0.2645,0.3363,1,0.1216
2025-09-26T13:00:00,AWS,rds-prod-1,RDS,30.451,48.111,0.3205,0.4808,5,0.25594
2025-09-26T13:00:00,AWS,i-0a1b2c3d4e,EC2,20.032,31.354,0.2041,0.8119,0,0.13544
2025-09-26T13:00:00,Azure,vm-azure-01,VM,15.736,25.008,0.1352,0.051,2,0.10505
2025-09-26T14:00:00,AWS,rds-prod-1,RDS,22.416,44.976,0.3716,0.8202,2,0.24434
2025-09-26T14:00:00,Azure,vm-azure-01,VM,5.513,22.251,0.7626,2.4474,3,0.09544
2025-09-26T14:00:00,AWS,i-0a1b2c3d4e,EC2,19.116,32.793,0.2126,0.2131,2,0.1355
2025-09-26T15:00:00,Azure,vm-azure-01,VM,13.318,24.248,0.4318,0.8937,2,0.10864
2025-09-26T15:00:00,AWS,rds-prod-1,RDS,20.474,39.857,1.8068,1.9494,1,0.24226
2025-09-26T15:00:00,AWS,i-0a1b2c3d4e,EC2,6.333,34.682,0.225,0.4345,1,0.12336
2025-09-26T16:00:00,Azure,vm-azure-01,VM,12.737,16.803,0.2577,0.3666,1,0.09998
2025-09-26T16:00:00,AWS,rds-prod-1,RDS,22.837,38.365,0.0158,1.0209,1,0.24397
2025-09-26T16:00:00,AWS,i-0a1b2c3d4e,EC2,7.344,30.012,2.884,0.3488,1,0.12212
2025-09-26T17:00:00,Azure,vm-azure-01,VM,0.0,24.379,0.271,0.2214,2,0.09633
2025-09-26T17:00:00,AWS,rds-prod-1,RDS,23.46,33.554,0.1336,0.3276,2,0.23817
2025-09-26T17:00:00,AWS,i-0a1b2c3d4e,EC2,11.116,40.45,0.034,0.747,2,0.12913
2025-09-26T18:00:00,Azure,vm-azure-01,VM,0.0,26.355,0.6779,0.0128,3,0.09449
2025-09-26T18:00:00,AWS,rds-prod-1,RDS,9.614,39.059,0.2981,0.4228,2,0.23039
2025-09-26T18:00:00,AWS,i-0a1b2c3d4e,EC2,8.287,28.514,0.9895,1.4605,1,0.12442
2025-09-26T19:00:00,AWS,rds-prod-1,RDS,13.215,32.938,0.3328,0.1883,1,0.23205
2025-09-26T19:00:00,AWS,i-0a1b2c3d4e,EC2,16.699,33.057,0.01,0.055,2,0.13097
2025-09-26T19:00:00,Azure,vm-azure-01,VM,9.481,24.122,0.0715,0.1515,2,0.10642
2025-09-26T20:00:00,AWS,i-0a1b2c3d4e,EC2,15.409,26.908,0.9679,0.8866,2,0.12952
2025-09-26T20:00:00,Azure,vm-azure-01,VM,0.0,25.541,0.6633,0.0121,2,0.09448
2025-09-26T20:00:00,AWS,rds-prod-1,RDS,23.318,41.234,0.6541,0.0267,5,0.24342
2025-09-26T21:00:00,AWS,i-0a1b2c3d4e,EC2,6.673,35.161,0.8503,0.2091,1,0.12388
2025-09-26T21:00:00,Azure,vm-azure-01,VM,18.532,28.782,1.1345,0.1093,0,0.1079
2025-09-26T21:00:00,AWS,rds-prod-1,RDS,16.244,46.493,2.2225,0.2462,0,0.24016
2025-09-26T22:00:00,AWS,i-0a1b2c3d4e,EC2,8.598,39.519,0.4015,0.2865,3,0.12859
2025-09-26T22:00:00,Azure,vm-azure-01,VM,11.122,31.116,0.8308,0.2808,3,0.10505
2025-09-26T22:00:00,AWS,rds-prod-1,RDS,24.878,36.811,0.678,0.7357,3,0.24148
2025-09-26T23:00:00,AWS,i-0a1b2c3d4e,EC2,18.163,32.251,0.1565,0.39,2,0.13418
2025-09-26T23:00:00,Azure,vm-azure-01,VM,7.081,37.205,0.278,0.4778,0,0.10835
2025-09-26T23:00:00,AWS,rds-prod-1,RDS,31.458,44.173,0.1712,0.4956,0,0.25097
2025-09-27T00:00:00,Azure,vm-azure-01,VM,7.554,30.376,0.1665,0.2557,1,0.10253
2025-09-27T00:00:00,AWS,rds-prod-1,RDS,33.688,42.176,0.469,1.7686,2,0.25117
2025-09-27T00:00:00,AWS,i-0a1b2c3d4e,EC2,13.558,35.403,0.1589,0.0093,1,0.13527
2025-09-27T01:00:00,AWS,rds-prod-1,RDS,34.246,47.752,0.5176,0.2342,1,0.25676
2025-09-27T01:00:00,Azure,vm-azure-01,VM,22.585,38.907,0.5683,1.3422,4,0.12355
2025-09-27T01:00:00,AWS,i-0a1b2c3d4e,EC2,26.176,34.418,0.0055,0.0736,5,0.14444
2025-09-27T02:00:00,AWS,rds-prod-1,RDS,29.315,44.213,0.382,0.8681,0,0.25257
2025-09-27T02:00:00,Azure,vm-azure-01,VM,15.88,29.624,0.0743,0.9799,2,0.10908
2025-09-27T02:00:00,AWS,i-0a1b2c3d4e,EC2,26.918,28.021,0.0241,0.0909,1,0.13788
2025-09-27T03:00:00,Azure,vm-azure-01,VM,13.608,35.774,0.1808,0.7614,4,0.11187
2025-09-27T03:00:00,AWS,i-0a1b2c3d4e,EC2,23.079,43.901,0.1763,0.4178,4,0.14326
2025-09-27T03:00:00,AWS,rds-prod-1,RDS,32.768,42.868,0.7646,1.6455,0,0.25087
2025-09-27T04:00:00,AWS,i-0a1b2c3d4e,EC2,25.782,39.818,0.343,0.4542,2,0.14964
2025-09-27T04:00:00,AWS,rds-prod-1,RDS,31.252,43.972,0.0268,0.5784,1,0.24944
2025-09-27T04:00:00,Azure,vm-azure-01,VM,16.796,35.736,0.351,0.1871,3,0.11586
2025-09-27T05:00:00,AWS,i-0a1b2c3d4e,EC2,29.423,33.598,0.8549,0.8033,2,0.14542
2025-09-27T05:00:00,AWS,rds-prod-1,RDS,39.018,44.296,0.1346,0.6556,0,0.26297
2025-09-27T05:00:00,Azure,vm-azure-01,VM,21.488,33.886,0.6957,1.1365,3,0.11992
2025-09-27T06:00:00,AWS,i-0a1b2c3d4e,EC2,29.628,42.483,0.1024,0.3903,6,0.15251
2025-09-27T06:00:00,Azure,vm-azure-01,VM,20.05,34.86,0.1429,0.1906,5,0.11778
2025-09-27T06:00:00,AWS,rds-prod-1,RDS,37.802,47.618,1.3754,0.3672,2,0.2586
2025-09-27T07:00:00,Azure,vm-azure-01,VM,26.48,34.858,0.5188,0.3573,0,0.11974
2025-09-27T07:00:00,AWS,rds-prod-1,RDS,34.638,45.102,0.4304,0.0341,1,0.25918
2025-09-27T07:00:00,AWS,i-0a1b2c3d4e,EC2,30.328,41.616,1.7712,1.4436,3,0.15071
2025-09-27T08:00:00,Azure,vm-azure-01,VM,23.016,35.693,0.5428,0.6968,4,0.11858
2025-09-27T08:00:00,AWS,rds-prod-1,RDS,32.621,52.567,0.0679,0.0302,1,0.25898
2025-09-27T08:00:00,AWS,i-0a1b2c3d4e,EC2,21.634,41.334,0.0642,0.04,3,0.141
2025-09-27T09:00:00,Azure,vm-azure-01,VM,26.172,33.277,0.0276,0.632,3,0.12296
2025-09-27T09:00:00,AWS,rds-prod-1,RDS,35.498,49.053,0.4137,0.188,3,0.25526
2025-09-27T09:00:00,AWS,i-0a1b2c3d4e,EC2,32.289,42.007,0.4784,0.1326,0,0.15386
2025-09-27T10:00:00,Azure,vm-azure-01,VM,23.015,29.098,0.3578,0.4636,4,0.11561
2025-09-27T10:00:00,AWS,rds-prod-1,RDS,38.466,39.389,0.2228,0.0672,2,0.25646
2025-09-27T10:00:00,AWS,i-0a1b2c3d4e,EC2,25.411,41.762,1.399,0.8017,3,0.1454
2025-09-27T11:00:00,Azure,vm-azure-01,VM,24.622,32.74,0.0597,0.2619,1,0.12221
2025-09-27T11:00:00,AWS,i-0a1b2c3d4e,EC2,29.855,42.612,0.1364,0.0585,1,0.15012
2025-09-27T11:00:00,AWS,rds-prod-1,RDS,33.545,53.578,0.7868,0.4959,1,0.2612
2025-09-27T12:00:00,AWS,i-0a1b2c3d4e,EC2,19.827,35.937,0.2425,0.5692,3,0.1377
2025-09-27T12:00:00,AWS,rds-prod-1,RDS,21.277,41.313,0.5534,0.1218,5,0.2411
2025-09-27T12:00:00,Azure,vm-azure-01,VM,8.073,33.173,0.143,1.4242,2,0.10551
2025-09-27T13:00:00,AWS,i-0a1b2c3d4e,EC2,20.786,29.215,2.3647,0.1318,4,0.13616
2025-09-27T13:00:00,AWS,rds-prod-1,RDS,30.429,43.903,0.7888,0.0447,2,0.2528
2025-09-27T13:00:00,Azure,vm-azure-01,VM,12.609,22.962,0.2109,0.3676,3,0.10146
2025-09-27T14:00:00,AWS,rds-prod-1,RDS,18.884,48.199,0.4727,0.5954,1,0.24637
2025-09-27T14:00:00,Azure,vm-azure-01,VM,9.093,27.075,0.5441,0.4524,3,0.10023
2025-09-27T14:00:00,AWS,i-0a1b2c3d4e,EC2,17.777,30.009,0.2155,0.0298,5,0.13347
2025-09-27T15:00:00,Azure,vm-azure-01,VM,0.0,29.897,0.3596,0.1935,4,0.09329
2025-09-27T15:00:00,AWS,i-0a1b2c3d4e,EC2,11.046,28.644,0.385,0.4494,1,0.12396
2025-09-27T15:00:00,AWS,rds-prod-1,RDS,23.651,30.651,0.2538,0.0134,3,0.23965
2025-09-27T16:00:00,Azure,vm-azure-01,VM,0.0,24.035,0.0001,1.2326,2,0.09266
2025-09-27T16:00:00,AWS,i-0a1b2c3d4e,EC2,14.057,35.004,0.4002,0.0455,2,0.13052
2025-09-27T16:00:00,AWS,rds-prod-1,RDS,19.643,40.505,0.0387,0.3571,2,0.24064
2025-09-27T17:00:00,Azure,vm-azure-01,VM,6.181,21.19,0.3591,0.2145,3,0.09641
2025-09-27T17:00:00,AWS,rds-prod-1,RDS,25.733,39.28,0.8817,0.7762,2,0.24551
2025-09-27T17:00:00,AWS,i-0a1b2c3d4e,EC2,11.46,30.105,0.3275,0.4487,3,0.12889
2025-09-27T18:00:00,AWS,rds-prod-1,RDS,17.417,35.907,0.271,0.3552,1,0.23221
2025-09-27T18:00:00,AWS,i-0a1b2c3d4e,EC2,12.953,34.435,0.9505,1.0098,5,0.12984
2025-09-27T18:00:00,Azure,vm-azure-01,VM,11.264,23.207,0.2087,0.2937,4,0.10285
2025-09-27T19:00:00,AWS,rds-prod-1,RDS,16.251,41.735,0.9751,0.3416,0,0.23828
2025-09-27T19:00:00,AWS,i-0a1b2c3d4e,EC2,11.074,34.996,0.0876,0.8518,2,0.12694
2025-09-27T19:00:00,Azure,vm-azure-01,VM,6.823,26.163,2.4227,0.9743,0,0.09665
2025-09-27T20:00:00,AWS,rds-prod-1,RDS,17.764,40.283,0.8724,0.0673,5,0.2393
2025-09-27T20:00:00,AWS,i-0a1b2c3d4e,EC2,11.463,31.03,0.1504,0.5026,2,0.12679
2025-09-27T20:00:00,Azure,vm-azure-01,VM,9.663,23.458,0.2057,0.8787,0,0.10186
2025-09-27T21:00:00,AWS,rds-prod-1,RDS,22.633,29.507,0.7687,0.8618,1,0.23521
2025-09-27T21:00:00,AWS,i-0a1b2c3d4e,EC2,14.324,33.896,0.0541,1.3841,1,0.13165
2025-09-27T21:00:00,Azure,vm-azure-01,VM,1.3,23.828,0.2365,1.0434,3,0.08989
2025-09-27T22:00:00,AWS,i-0a1b2c3d4e,EC2,15.665,29.7,0.2122,0.485,0,0.13125
2025-09-27T22:00:00,Azure,vm-azure-01,VM,4.718,23.266,0.1931,0.0897,1,0.09732
2025-09-27T22:00:00,AWS,rds-prod-1,RDS,28.644,44.87,0.0167,0.3154,2,0.24986
2025-09-27T23:00:00,Azure,vm-azure-01,VM,10.073,25.487,1.5556,0.1418,2,0.10299
2025-09-27T23:00:00,AWS,i-0a1b2c3d4e,EC2,14.783,33.182,0.7357,0.5749,1,0.1273
2025-09-27T23:00:00,AWS,rds-prod-1,RDS,22.372,44.721,0.0265,0.0863,1,0.24115
2025-09-28T00:00:00,Azure,vm-azure-01,VM,14.178,30.848,0.1672,0.1705,2,0.10858
2025-09-28T00:00:00,AWS,i-0a1b2c3d4e,EC2,13.851,34.289,0.7919,0.5916,1,0.13055
2025-09-28T00:00:00,AWS,rds-prod-1,RDS,37.971,45.414,0.2965,0.78,1,0.26362
2025-09-28T01:00:00,AWS,i-0a1b2c3d4e,EC2,16.853,35.836,0.5088,0.2534,2,0.13604
2025-09-28T01:00:00,AWS,rds-prod-1,RDS,29.477,38.933,0.0936,0.1286,2,0.2516
2025-09-28T01:00:00,Azure,vm-azure-01,VM,13.098,37.078,0.6725,0.5186,1,0.11167
2025-09-28T02:00:00,AWS,rds-prod-1,RDS,32.762,50.108,0.3382,1.8551,2,0.25918
2025-09-28T02:00:00,Azure,vm-azure-01,VM,17.482,32.122,0.1601,1.5578,2,0.11274
2025-09-28T02:00:00,AWS,i-0a1b2c3d4e,EC2,18.742,43.275,0.9989,0.3205,3,0.14167
2025-09-28T03:00:00,AWS,rds-prod-1,RDS,41.884,43.631,0.9773,1.5714,4,0.26809
2025-09-28T03:00:00,Azure,vm-azure-01,VM,23.418,33.356,0.7463,0.2097,1,0.12046
2025-09-28T03:00:00,AWS,i-0a1b2c3d4e,EC2,33.717,39.322,0.7961,0.3284,0,0.1548
2025-09-28T04:00:00,AWS,rds-prod-1,RDS,38.965,42.84,0.239,0.2975,3,0.26341
2025-09-28T04:00:00,AWS,i-0a1b2c3d4e,EC2,21.869,38.066,0.3382,0.0332,2,0.14
2025-09-28T04:00:00,Azure,vm-azure-01,VM,29.57,36.254,0.0358,0.2038,2,0.12681
2025-09-28T05:00:00,AWS,i-0a1b2c3d4e,EC2,17.54,33.494,0.5937,0.9835,1,0.13581
2025-09-28T05:00:00,Azure,vm-azure-01,VM,30.568,33.717,0.1356,0.1783,3,0.12675
2025-09-28T05:00:00,AWS,rds-prod-1,RDS,41.713,50.761,0.1463,0.1294,0,0.26482
2025-09-28T06:00:00,AWS,i-0a1b2c3d4e,EC2,29.982,35.367,0.4814,0.6061,1,0.14717
2025-09-28T06:00:00,Azure,vm-azure-01,VM,32.051,34.42,0.0993,0.0582,3,0.12955
2025-09-28T06:00:00,AWS,rds-prod-1,RDS,36.198,48.426,0.111,0.443,0,0.25978
2025-09-28T07:00:00,AWS,i-0a1b2c3d4e,EC2,26.249,35.823,0.4191,0.5847,2,0.1436
2025-09-28T07:00:00,Azure,vm-azure-01,VM,21.771,32.413,0.042,0.0796,1,0.11521
2025-09-28T07:00:00,AWS,rds-prod-1,RDS,31.681,49.967,0.2672,0.1574,1,0.25643
2025-09-28T08:00:00,AWS,i-0a1b2c3d4e,EC2,37.72,40.762,1.0239,0.626,3,0.15771
2025-09-28T08:00:00,Azure,vm-azure-01,VM,18.354,34.148,0.1839,1.3022,2,0.11571
2025-09-28T08:00:00,AWS,rds-prod-1,RDS,41.775,56.571,0.9783,0.0625,2,0.26752
2025-09-28T09:00:00,AWS,i-0a1b2c3d4e,EC2,33.657,40.141,0.6576,0.0426,0,0.15809
2025-09-28T09:00:00,AWS,rds-prod-1,RDS,44.752,48.09,1.6375,1.1588,3,0.2694
2025-09-28T09:00:00,Azure,vm-azure-01,VM,27.052,27.975,0.0909,1.2414,1,0.12135
2025-09-28T10:00:00,AWS,rds-prod-1,RDS,31.4,43.804,0.2931,0.0938,2,0.25359
2025-09-28T10:00:00,AWS,i-0a1b2c3d4e,EC2,23.398,39.197,1.8621,0.2054,2,0.14113
2025-09-28T10:00:00,Azure,vm-azure-01,VM,24.75,33.472,0.0254,0.1486,1,0.1178
2025-09-28T11:00:00,AWS,rds-prod-1,RDS,32.165,46.925,0.7257,0.048,1,0.25625
2025-09-28T11:00:00,AWS,i-0a1b2c3d4e,EC2,26.355,31.783,0.5701,0.0375,0,0.14337
2025-09-28T11:00:00,Azure,vm-azure-01,VM,13.137,31.038,0.3357,0.2167,4,0.10973
2025-09-28T12:00:00,AWS,rds-prod-1,RDS,29.523,40.554,1.395,0.1028,3,0.24758
2025-09-28T12:00:00,AWS,i-0a1b2c3d4e,EC2,21.996,37.589,0.6788,0.2771,1,0.14124
2025-09-28T12:00:00,Azure,vm-azure-01,VM,20.968,27.779,1.415,0.488,4,0.11809
2025-09-28T13:00:00,AWS,rds-prod-1,RDS,22.58,46.804,0.1698,0.1026,3,0.24634
2025-09-28T13:00:00,AWS,i-0a1b2c3d4e,EC2,22.647,40.442,0.3334,1.0335,2,0.14195
2025-09-28T13:00:00,Azure,vm-azure-01,VM,10.802,34.008,0.1032,0.6919,1,0.10499
2025-09-28T14:00:00,AWS,i-0a1b2c3d4e,EC2,17.664,27.485,0.4992,0.6605,0,0.13031
2025-09-28T14:00:00,Azure,vm-azure-01,VM,2.505,27.133,1.7097,0.6279,4,0.094
2025-09-28T14:00:00,AWS,rds-prod-1,RDS,24.597,45.698,0.936,0.301,1,0.24735
2025-09-28T15:00:00,Azure,vm-azure-01,VM,7.196,29.475,0.9135,0.4,1,0.09956
2025-09-28T15:00:00,AWS,rds-prod-1,RDS,20.961,44.203,0.5041,1.2015,0,0.2452
2025-09-28T15:00:00,AWS,i-0a1b2c3d4e,EC2,9.571,31.362,0.142,1.023,2,0.1276
2025-09-28T16:00:00,Azure,vm-azure-01,VM,0.0,29.127,0.5227,0.0354,1,0.09127
2025-09-28T16:00:00,AWS,rds-prod-1,RDS,11.523,42.513,0.0732,1.0927,4,0.2356
2025-09-28T16:00:00,AWS,i-0a1b2c3d4e,EC2,13.211,30.322,0.1493,0.5346,2,0.12853
2025-09-28T17:00:00,Azure,vm-azure-01,VM,12.868,29.829,0.2078,1.0188,0,0.10761
2025-09-28T17:00:00,AWS,rds-prod-1,RDS,20.658,34.643,0.0503,1.2301,0,0.23486
2025-09-28T17:00:00,AWS,i-0a1b2c3d4e,EC2,3.926,34.155,0.2818,0.143,2,0.12002
2025-09-28T18:00:00,Azure,vm-azure-01,VM,3.6,19.884,0.0905,0.6131,2,0.0948
2025-09-28T18:00:00,AWS,rds-prod-1,RDS,28.407,36.465,0.0347,0.4503,2,0.24656
2025-09-28T18:00:00,AWS,i-0a1b2c3d4e,EC2,14.235,34.89,0.3218,0.9295,3,0.13178
2025-09-28T19:00:00,Azure,vm-azure-01,VM,0.0,26.812,0.2858,1.5301,3,0.09517
2025-09-28T19:00:00,AWS,i-0a1b2c3d4e,EC2,6.903,29.647,1.3581,0.19,1,0.11966
2025-09-28T19:00:00,AWS,rds-prod-1,RDS,25.522,43.468,1.1508,0.2972,1,0.24742
2025-09-28T20:00:00,AWS,i-0a1b2c3d4e,EC2,12.036,32.48,1.0122,0.3032,3,0.1264
2025-09-28T20:00:00,AWS,rds-prod-1,RDS,24.638,38.979,0.0362,0.566,1,0.24495
2025-09-28T20:00:00,Azure,vm-azure-01,VM,4.504,22.851,0.3801,0.4155,1,0.09608
2025-09-28T21:00:00,AWS,i-0a1b2c3d4e,EC2,16.15,32.571,0.2933,1.013,1,0.13113
2025-09-28T21:00:00,AWS,rds-prod-1,RDS,24.367,40.676,0.3177,1.0341,4,0.24169
2025-09-28T21:00:00,Azure,vm-azure-01,VM,8.549,21.366,0.5493,0.4883,3,0.09999
2025-09-28T22:00:00,AWS,rds-prod-1,RDS,26.486,49.169,0.3771,0.2137,3,0.24664
2025-09-28T22:00:00,Azure,vm-azure-01,VM,7.39,29.528,0.0444,0.2866,2,0.09802
2025-09-28T22:00:00,AWS,i-0a1b2c3d4e,EC2,14.846,40.514,0.481,1.0159,1,0.13295
2025-09-28T23:00:00,Azure,vm-azure-01,VM,12.554,20.395,1.2662,0.006,3,0.10211
2025-09-28T23:00:00,AWS,i-0a1b2c3d4e,EC2,20.754,29.348,0.5267,0.0564,2,0.13869
2025-09-28T23:00:00,AWS,rds-prod-1,RDS,21.571,39.318,0.5112,1.0498,3,0.24287
2025-09-29T00:00:00,Azure,vm-azure-01,VM,8.166,32.37,0.3303,0.2803,0,0.10292
2025-09-29T00:00:00,AWS,i-0a1b2c3d4e,EC2,21.607,36.688,0.4185,0.6706,2,0.14139
2025-09-29T00:00:00,AWS,rds-prod-1,RDS,36.01,45.035,0.0103,0.4638,2,0.25529
2025-09-29T01:00:00,Azure,vm-azure-01,VM,14.539,37.596,0.032,0.43,0,0.11339
2025-09-29T01:00:00,AWS,rds-prod-1,RDS,29.099,48.444,0.3053,0.4664,3,0.25443
2025-09-29T01:00:00,AWS,i-0a1b2c3d4e,EC2,25.765,41.453,0.064,0.3932,0,0.14597
2025-09-29T02:00:00,AWS,rds-prod-1,RDS,24.63,40.455,0.0478,0.634,1,0.24122
2025-09-29T02:00:00,AWS,i-0a1b2c3d4e,EC2,32.973,34.112,0.246,0.2977,1,0.15331
2025-09-29T02:00:00,Azure,vm-azure-01,VM,19.605,30.184,0.9289,0.1522,1,0.11099
2025-09-29T03:00:00,AWS,rds-prod-1,RDS,43.009,55.305,0.1138,0.0847,3,0.26601
2025-09-29T03:00:00,AWS,i-0a1b2c3d4e,EC2,32.12,35.783,0.2388,0.9951,2,0.15452
2025-09-29T03:00:00,Azure,vm-azure-01,VM,25.989,30.821,0.2285,0.0524,6,0.12076
2025-09-29T04:00:00,AWS,rds-prod-1,RDS,47.491,51.338,0.0977,0.1453,2,0.27281
2025-09-29T04:00:00,AWS,i-0a1b2c3d4e,EC2,35.887,32.034,0.3814,0.4681,4,0.15342
2025-09-29T04:00:00,Azure,vm-azure-01,VM,31.765,33.878,0.1656,0.1914,1,0.13056
2025-09-29T05:00:00,AWS,rds-prod-1,RDS,37.48,51.599,0.3815,0.0776,0,0.26178
2025-09-29T05:00:00,AWS,i-0a1b2c3d4e,EC2,31.065,40.246,0.0311,1.3624,1,0.15106
2025-09-29T05:00:00,Azure,vm-azure-01,VM,35.68,31.748,0.9554,0.4096,1,0.12909
2025-09-29T06:00:00,AWS,rds-prod-1,RDS,31.861,54.241,0.4403,0.1896,0,0.26272
2025-09-29T06:00:00,Azure,vm-azure-01,VM,31.85,28.468,0.0415,0.5746,2,0.12801
2025-09-29T06:00:00,AWS,i-0a1b2c3d4e,EC2,25.057,35.586,0.8123,0.3874,3,0.14395
2025-09-29T07:00:00,Azure,vm-azure-01,VM,23.474,37.829,0.4884,0.0704,1,0.12295
2025-09-29T07:00:00,AWS,rds-prod-1,RDS,35.405,59.595,1.6467,0.4452,4,0.26608
2025-09-29T07:00:00,AWS,i-0a1b2c3d4e,EC2,24.818,40.251,0.6173,0.0565,3,0.14228
2025-09-29T08:00:00,Azure,vm-azure-01,VM,17.714,38.546,0.1017,0.7062,1,0.11626
2025-09-29T08:00:00,AWS,rds-prod-1,RDS,47.127,49.453,0.3498,0.0351,3,0.27203
2025-09-29T08:00:00,AWS,i-0a1b2c3d4e,EC2,29.286,37.613,1.5121,0.4602,3,0.1456
2025-09-29T09:00:00,Azure,vm-azure-01,VM,12.034,31.982,0.1138,0.7328,2,0.10741
2025-09-29T09:00:00,AWS,rds-prod-1,RDS,43.119,51.346,0.3423,0.1879,2,0.26949
2025-09-29T09:00:00,AWS,i-0a1b2c3d4e,EC2,23.607,35.662,0.8647,0.2756,1,0.14323
2025-09-29T10:00:00,Azure,vm-azure-01,VM,20.398,32.761,0.0453,0.3865,3,0.11711
2025-09-29T10:00:00,AWS,rds-prod-1,RDS,28.25,45.679,0.22,0.1671,1,0.25146
2025-09-29T10:00:00,AWS,i-0a1b2c3d4e,EC2,19.062,38.739,0.6676,0.9931,1,0.14036
2025-09-29T11:00:00,AWS,rds-prod-1,RDS,32.367,43.378,0.0471,0.4467,2,0.25368
2025-09-29T11:00:00,AWS,i-0a1b2c3d4e,EC2,33.641,34.064,0.4513,0.3434,1,0.14793
2025-09-29T11:00:00,Azure,vm-azure-01,VM,19.675,33.529,0.1612,0.2019,3,0.11609
2025-09-29T12:00:00,AWS,i-0a1b2c3d4e,EC2,28.389,32.786,0.5895,2.3697,0,0.14154
2025-09-29T12:00:00,Azure,vm-azure-01,VM,14.192,27.5,0.1662,0.1816,5,0.10659
2025-09-29T12:00:00,AWS,rds-prod-1,RDS,24.04,45.064,0.0548,0.066,0,0.24516
2025-09-29T13:00:00,AWS,i-0a1b2c3d4e,EC2,20.229,29.303,0.2192,0.036,1,0.13346
2025-09-29T13:00:00,Azure,vm-azure-01,VM,6.94,26.353,0.4685,0.294,2,0.10295
2025-09-29T13:00:00,AWS,rds-prod-1,RDS,24.718,40.825,0.1178,0.3385,0,0.24288
2025-09-29T14:00:00,AWS,i-0a1b2c3d4e,EC2,20.155,32.934,0.5262,0.3807,1,0.13801
2025-09-29T14:00:00,Azure,vm-azure-01,VM,7.726,23.341,0.2554,0.0296,2,0.10279
2025-09-29T14:00:00,AWS,rds-prod-1,RDS,27.861,44.884,0.068,0.2542,1,0.25149
2025-09-29T15:00:00,AWS,i-0a1b2c3d4e,EC2,22.662,30.422,0.031,0.4131,2,0.14133
2025-09-29T15:00:00,Azure,vm-azure-01,VM,4.525,27.009,0.0037,0.5884,1,0.09279
2025-09-29T15:00:00,AWS,rds-prod-1,RDS,22.343,44.398,0.207,0.0772,3,0.24309
2025-09-29T16:00:00,Azure,vm-azure-01,VM,6.673,14.817,1.2036,0.6316,4,0.09305
2025-09-29T16:00:00,AWS,rds-prod-1,RDS,19.293,41.593,0.5516,1.1308,0,0.23602
2025-09-29T16:00:00,AWS,i-0a1b2c3d4e,EC2,10.784,27.054,0.7056,0.2135,3,0.12674
2025-09-29T17:00:00,AWS,rds-prod-1,RDS,13.733,40.255,0.0676,0.3237,2,0.2316
2025-09-29T17:00:00,Azure,vm-azure-01,VM,6.558,24.929,0.0356,0.3989,2,0.10128
2025-09-29T17:00:00,AWS,i-0a1b2c3d4e,EC2,11.049,39.448,0.0467,0.7038,0,0.13156
2025-09-29T18:00:00,AWS,rds-prod-1,RDS,18.565,44.602,0.7302,0.0207,0,0.24001
2025-09-29T18:00:00,Azure,vm-azure-01,VM,0.0,25.449,0.3169,0.9755,1,0.09242
2025-09-29T18:00:00,AWS,i-0a1b2c3d4e,EC2,4.647,26.441,0.2233,0.0459,3,0.11954
2025-09-29T19:00:00,Azure,vm-azure-01,VM,12.882,22.781,0.2023,1.4061,3,0.1033
2025-09-29T19:00:00,AWS,i-0a1b2c3d4e,EC2,10.497,31.176,0.9533,0.1169,1,0.12608
2025-09-29T19:00:00,AWS,rds-prod-1,RDS,25.165,45.37,0.4412,0.221,2,0.24977
2025-09-29T20:00:00,AWS,i-0a1b2c3d4e,EC2,14.182,33.068,0.1817,0.0422,1,0.13082
2025-09-29T20:00:00,AWS,rds-prod-1,RDS,26.39,35.343,0.1995,0.2483,1,0.24544
2025-09-29T20:00:00,Azure,vm-azure-01,VM,1.479,29.599,0.1019,0.0201,0,0.10098
2025-09-29T21:00:00,AWS,i-0a1b2c3d4e,EC2,13.781,30.564,0.9903,1.2804,3,0.12946
2025-09-29T21:00:00,AWS,rds-prod-1,RDS,23.019,41.48,0.4388,1.2641,0,0.24258
2025-09-29T21:00:00,Azure,vm-azure-01,VM,4.349,24.798,0.7651,0.0053,4,0.09662
2025-09-29T22:00:00,AWS,i-0a1b2c3d4e,EC2,13.141,28.531,0.0353,0.0131,0,0.12727
2025-09-29T22:00:00,Azure,vm-azure-01,VM,8.469,30.438,0.4773,1.308,3,0.10039
2025-09-29T22:00:00,AWS,rds-prod-1,RDS,27.494,41.131,0.0096,0.6592,3,0.24593
2025-09-29T23:00:00,Azure,vm-azure-01,VM,15.435,26.003,3.3598,0.0283,1,0.10529
2025-09-29T23:00:00,AWS,rds-prod-1,RDS,27.154,51.354,0.3523,0.8494,2,0.25516
2025-09-29T23:00:00,AWS,i-0a1b2c3d4e,EC2,19.844,33.964,0.2895,0.0558,2,0.13288
2025-09-30T00:00:00,Azure,vm-azure-01,VM,6.476,30.296,0.1902,0.0455,3,0.10098
2025-09-30T00:00:00,AWS,rds-prod-1,RDS,39.695,48.411,0.2156,1.2451,0,0.26335
2025-09-30T00:00:00,AWS,i-0a1b2c3d4e,EC2,16.557,34.749,2.636,0.0298,3,0.13454
2025-09-30T01:00:00,Azure,vm-azure-01,VM,17.712,29.937,0.5903,0.6606,3,0.1094
2025-09-30T01:00:00,AWS,rds-prod-1,RDS,29.23,41.277,0.4399,0.2925,0,0.24876
2025-09-30T01:00:00,AWS,i-0a1b2c3d4e,EC2,19.449,36.357,2.8564,0.8409,2,0.13617
2025-09-30T02:00:00,Azure,vm-azure-01,VM,32.558,32.338,0.1289,0.3924,4,0.1256
2025-09-30T02:00:00,AWS,rds-prod-1,RDS,40.566,51.257,0.5989,0.1862,0,0.26618
2025-09-30T02:00:00,AWS,i-0a1b2c3d4e,EC2,18.166,36.601,0.2292,0.2673,3,0.13537
2025-09-30T03:00:00,Azure,vm-azure-01,VM,16.174,39.276,0.331,0.79,3,0.11512
2025-09-30T03:00:00,AWS,i-0a1b2c3d4e,EC2,29.03,32.62,0.0061,0.138,4,0.14571
2025-09-30T03:00:00,AWS,rds-prod-1,RDS,39.065,51.676,0.039,1.4355,4,0.26135
2025-09-30T04:00:00,AWS,i-0a1b2c3d4e,EC2,22.695,39.17,0.1963,0.6685,2,0.14094
2025-09-30T04:00:00,Azure,vm-azure-01,VM,24.482,43.115,0.2949,1.7051,2,0.1293
2025-09-30T04:00:00,AWS,rds-prod-1,RDS,43.012,57.672,2.1494,0.6589,3,0.27142
2025-09-30T05:00:00,AWS,i-0a1b2c3d4e,EC2,34.859,37.407,0.147,0.919,0,0.15721
2025-09-30T05:00:00,Azure,vm-azure-01,VM,27.769,31.801,0.3062,0.2508,4,0.12319
2025-09-30T05:00:00,AWS,rds-prod-1,RDS,45.922,53.751,0.0195,0.4775,1,0.27793
2025-09-30T06:00:00,AWS,i-0a1b2c3d4e,EC2,37.053,44.858,1.1275,0.5062,1,0.15966
2025-09-30T06:00:00,Azure,vm-azure-01,VM,24.701,36.974,0.1936,0.3734,3,0.12047
2025-09-30T06:00:00,AWS,rds-prod-1,RDS,39.72,51.012,0.129,0.094,3,0.26445
2025-09-30T07:00:00,AWS,i-0a1b2c3d4e,EC2,38.27,38.914,0.0443,0.63,0,0.15791
2025-09-30T07:00:00,Azure,vm-azure-01,VM,19.261,26.742,0.1068,0.1851,3,0.11243
2025-09-30T07:00:00,AWS,rds-prod-1,RDS,30.027,53.844,1.3244,0.1808,4,0.25634
2025-09-30T08:00:00,AWS,rds-prod-1,RDS,38.721,48.959,0.2072,0.1948,4,0.26326
2025-09-30T08:00:00,AWS,i-0a1b2c3d4e,EC2,21.925,35.444,0.2152,0.7451,1,0.14202
2025-09-30T08:00:00,Azure,vm-azure-01,VM,29.457,38.223,0.4674,0.0464,1,0.12959
2025-09-30T09:00:00,AWS,rds-prod-1,RDS,35.782,52.472,0.6664,0.4235,0,0.26548
2025-09-30T09:00:00,AWS,i-0a1b2c3d4e,EC2,30.666,42.52,0.49,0.2406,1,0.15041
2025-09-30T09:00:00,Azure,vm-azure-01,VM,19.92,27.599,0.0718,1.5321,0,0.1133
2025-09-30T10:00:00,Azure,vm-azure-01,VM,24.072,41.243,0.0671,0.1711,1,0.12352
2025-09-30T10:00:00,AWS,rds-prod-1,RDS,33.078,46.677,0.2807,0.4041,3,0.25802
2025-09-30T10:00:00,AWS,i-0a1b2c3d4e,EC2,27.279,46.16,0.0214,1.7287,4,0.14865
2025-09-30T11:00:00,AWS,rds-prod-1,RDS,42.887,48.529,0.8518,0.443,1,0.26684
2025-09-30T11:00:00,Azure,vm-azure-01,VM,11.386,32.469,1.5469,0.8051,1,0.10749
2025-09-30T11:00:00,AWS,i-0a1b2c3d4e,EC2,24.384,38.521,0.1272,0.2327,2,0.14322
2025-09-30T12:00:00,Azure,vm-azure-01,VM,22.665,30.131,0.9771,0.9317,2,0.11769
2025-09-30T12:00:00,AWS,i-0a1b2c3d4e,EC2,18.894,33.893,1.0899,0.519,5,0.13682
2025-09-30T12:00:00,AWS,rds-prod-1,RDS,30.69,37.455,0.0904,1.9019,0,0.25296
2025-09-30T13:00:00,Azure,vm-azure-01,VM,11.875,33.587,0.7267,0.1813,2,0.10652
2025-09-30T13:00:00,AWS,i-0a1b2c3d4e,EC2,21.086,36.357,0.0977,0.3938,2,0.14161
2025-09-30T13:00:00,AWS,rds-prod-1,RDS,28.409,51.695,0.2082,0.1792,3,0.25229
2025-09-30T14:00:00,Azure,vm-azure-01,VM,15.42,33.916,1.2331,0.085,2,0.11426
2025-09-30T14:00:00,AWS,i-0a1b2c3d4e,EC2,19.063,34.812,0.1201,0.3525,4,0.13798
2025-09-30T14:00:00,AWS,rds-prod-1,RDS,18.71,46.017,1.0261,0.3318,2,0.24435
2025-09-30T15:00:00,Azure,vm-azure-01,VM,8.888,34.258,0.3657,0.0263,1,0.10807
2025-09-30T15:00:00,AWS,i-0a1b2c3d4e,EC2,14.835,36.623,0.0872,0.3095,0,0.13449
2025-09-30T15:00:00,AWS,rds-prod-1,RDS,18.185,45.709,0.3028,0.6357,0,0.24017
2025-09-30T16:00:00,AWS,rds-prod-1,RDS,19.015,39.158,0.1901,1.8663,1,0.23975
2025-09-30T16:00:00,AWS,i-0a1b2c3d4e,EC2,17.78,28.979,0.1141,0.4049,2,0.132
2025-09-30T16:00:00,Azure,vm-azure-01,VM,0.0,25.86,0.1493,0.3118,0,0.09172
2025-09-30T17:00:00,AWS,rds-prod-1,RDS,20.797,45.516,0.3961,0.0208,4,0.2437
2025-09-30T17:00:00,Azure,vm-azure-01,VM,6.93,27.768,0.73,0.0605,4,0.10198
2025-09-30T17:00:00,AWS,i-0a1b2c3d4e,EC2,10.414,27.031,1.5859,0.2294,1,0.12523
2025-09-30T18:00:00,AWS,rds-prod-1,RDS,17.36,45.412,0.351,0.3121,1,0.24069
2025-09-30T18:00:00,Azure,vm-azure-01,VM,1.638,25.893,0.2855,0.1731,1,0.08984
2025-09-30T18:00:00,AWS,i-0a1b2c3d4e,EC2,97.631,28.401,1.0866,0.4495,2,0.21073
2025-09-30T19:00:00,AWS,rds-prod-1,RDS,22.72,42.529,0.231,0.675,3,0.23868
2025-09-30T19:00:00,Azure,vm-azure-01,VM,15.551,26.351,1.0125,0.8807,1,0.10717
2025-09-30T19:00:00,AWS,i-0a1b2c3d4e,EC2,23.132,27.913,0.4337,0.4122,4,0.13746
2025-09-30T20:00:00,AWS,i-0a1b2c3d4e,EC2,16.919,28.073,0.615,0.777,2,0.13079
2025-09-30T20:00:00,AWS,rds-prod-1,RDS,27.178,37.57,0.1998,0.0744,2,0.24592
2025-09-30T20:00:00,Azure,vm-azure-01,VM,3.302,24.052,0.1506,0.2431,4,0.09253
2025-09-30T21:00:00,AWS,i-0a1b2c3d4e,EC2,12.32,37.518,3.2027,1.3524,3,0.13234
2025-09-30T21:00:00,Azure,vm-azure-01,VM,14.039,27.748,0.0125,0.5965,4,0.10758
2025-09-30T21:00:00,AWS,rds-prod-1,RDS,19.021,41.961,1.0283,0.1705,0,0.2438
2025-09-30T22:00:00,AWS,i-0a1b2c3d4e,EC2,13.139,36.855,0.4242,0.4431,1,0.13185
2025-09-30T22:00:00,AWS,rds-prod-1,RDS,31.873,43.939,0.196,0.6297,1,0.2553
2025-09-30T22:00:00,Azure,vm-azure-01,VM,5.604,28.894,0.5252,2.0223,2,0.0993
2025-09-30T23:00:00,AWS,rds-prod-1,RDS,22.757,43.878,0.3883,0.3091,2,0.24607
2025-09-30T23:00:00,Azure,vm-azure-01,VM,21.654,28.289,0.3165,1.3194,2,0.11453
2025-09-30T23:00:00,AWS,i-0a1b2c3d4e,EC2,8.57,34.999,0.1501,0.2808,3,0.12577
2025-10-01T00:00:00,AWS,i-0a1b2c3d4e,EC2,19.862,42.089,0.2871,0.6538,1,0.14244
2025-10-01T00:00:00,Azure,vm-azure-01,VM,13.246,21.127,0.2195,0.5737,2,0.10317
2025-10-01T00:00:00,AWS,rds-prod-1,RDS,40.439,43.295,1.1272,0.2496,5,0.26384
2025-10-01T01:00:00,Azure,vm-azure-01,VM,18.132,35.3,1.1074,0.298,1,0.11631
2025-10-01T01:00:00,AWS,rds-prod-1,RDS,28.92,54.214,0.195,0.3282,2,0.25731
2025-10-01T01:00:00,AWS,i-0a1b2c3d4e,EC2,28.723,35.893,0.1517,0.1418,2,0.14626
2025-10-01T02:00:00,AWS,i-0a1b2c3d4e,EC2,22.37,37.444,0.0324,1.1846,1,0.14159
2025-10-01T02:00:00,AWS,rds-prod-1,RDS,32.043,53.721,0.2194,0.2614,2,0.25633
2025-10-01T02:00:00,Azure,vm-azure-01,VM,17.668,26.448,0.9127,1.0483,1,0.11047
2025-10-01T03:00:00,AWS,rds-prod-1,RDS,36.995,55.093,0.2569,1.1983,5,0.2667
2025-10-01T03:00:00,AWS,i-0a1b2c3d4e,EC2,27.508,41.345,0.0268,0.2713,3,0.14837
2025-10-01T03:00:00,Azure,vm-azure-01,VM,27.966,35.923,0.0479,0.7066,1,0.12188
2025-10-01T04:00:00,AWS,i-0a1b2c3d4e,EC2,21.994,48.989,1.7879,0.4689,1,0.14776
2025-10-01T04:00:00,AWS,rds-prod-1,RDS,33.676,45.599,0.9669,0.0162,0,0.25787
2025-10-01T04:00:00,Azure,vm-azure-01,VM,24.28,31.827,0.9174,0.0088,0,0.11788
2025-10-01T05:00:00,AWS,i-0a1b2c3d4e,EC2,27.411,43.9,0.061,0.9836,1,0.15469
2025-10-01T05:00:00,AWS,rds-prod-1,RDS,36.514,49.359,0.2805,0.262,0,0.26122
2025-10-01T05:00:00,Azure,vm-azure-01,VM,17.994,28.624,0.0135,0.6644,4,0.11363
2025-10-01T06:00:00,AWS,i-0a1b2c3d4e,EC2,29.587,36.684,0.3315,0.0906,4,0.14797
2025-10-01T06:00:00,AWS,rds-prod-1,RDS,44.84,53.743,0.0,1.5387,2,0.27315
2025-10-01T06:00:00,Azure,vm-azure-01,VM,26.915,31.781,0.9781,1.6448,1,0.12654
2025-10-01T07:00:00,AWS,i-0a1b2c3d4e,EC2,26.019,39.098,0.0267,0.7715,1,0.14832
2025-10-01T07:00:00,Azure,vm-azure-01,VM,30.875,37.658,0.8993,0.0289,3,0.13166
2025-10-01T07:00:00,AWS,rds-prod-1,RDS,48.758,49.497,0.4573,0.3235,1,0.2748
2025-10-01T08:00:00,Azure,vm-azure-01,VM,24.055,32.485,0.0911,0.6228,1,0.11938
2025-10-01T08:00:00,AWS,i-0a1b2c3d4e,EC2,29.274,45.829,0.1146,1.0512,3,0.15395
2025-10-01T08:00:00,AWS,rds-prod-1,RDS,40.593,54.767,1.198,1.4236,0,0.26884
2025-10-01T09:00:00,Azure,vm-azure-01,VM,20.204,33.551,1.214,0.0793,2,0.12022
2025-10-01T09:00:00,AWS,i-0a1b2c3d4e,EC2,26.682,37.814,0.0557,0.5347,4,0.15197
2025-10-01T09:00:00,AWS,rds-prod-1,RDS,27.043,52.027,0.1549,1.1486,3,0.25791
2025-10-01T10:00:00,AWS,i-0a1b2c3d4e,EC2,26.813,42.974,0.5034,0.7995,3,0.14997
2025-10-01T10:00:00,Azure,vm-azure-01,VM,15.974,36.807,0.2971,0.26,2,0.11501
2025-10-01T10:00:00,AWS,rds-prod-1,RDS,43.433,46.179,0.2288,0.0095,0,0.26902
2025-10-01T11:00:00,AWS,rds-prod-1,RDS,27.306,50.595,0.3392,1.2319,2,0.2547
2025-10-01T11:00:00,Azure,vm-azure-01,VM,16.651,33.283,0.0546,0.5344,3,0.1127
2025-10-01T11:00:00,AWS,i-0a1b2c3d4e,EC2,20.449,35.232,2.0528,0.0758,1,0.13903
2025-10-01T12:00:00,AWS,rds-prod-1,RDS,23.373,47.816,0.1813,0.7366,1,0.24701
2025-10-01T12:00:00,Azure,vm-azure-01,VM,10.36,27.637,0.181,0.0488,1,0.10189
2025-10-01T12:00:00,AWS,i-0a1b2c3d4e,EC2,19.002,30.347,0.4776,0.0436,6,0.1338
2025-10-01T13:00:00,AWS,rds-prod-1,RDS,22.045,51.623,0.5016,0.8323,0,0.248
2025-10-01T13:00:00,AWS,i-0a1b2c3d4e,EC2,22.34,38.455,0.6353,1.1048,0,0.14675
2025-10-01T13:00:00,Azure,vm-azure-01,VM,15.12,34.092,0.3853,0.5652,2,0.10964
2025-10-01T14:00:00,AWS,rds-prod-1,RDS,22.749,39.476,0.1854,0.369,3,0.24376
2025-10-01T14:00:00,AWS,i-0a1b2c3d4e,EC2,16.355,33.717,0.3891,0.6194,2,0.13581
2025-10-01T14:00:00,Azure,vm-azure-01,VM,10.84,31.281,0.8931,2.3912,1,0.10797
2025-10-01T15:00:00,AWS,i-0a1b2c3d4e,EC2,12.815,27.467,0.6224,0.8743,0,0.12554
2025-10-01T15:00:00,AWS,rds-prod-1,RDS,22.341,39.643,0.9364,0.6589,3,0.24265
2025-10-01T15:00:00,Azure,vm-azure-01,VM,4.741,27.331,1.2051,0.2413,2,0.0978
2025-10-01T16:00:00,AWS,rds-prod-1,RDS,33.186,46.252,1.4851,1.1626,3,0.25635
2025-10-01T16:00:00,Azure,vm-azure-01,VM,7.001,25.211,0.6686,0.1457,0,0.10239
2025-10-01T16:00:00,AWS,i-0a1b2c3d4e,EC2,8.026,22.551,0.6908,0.5266,3,0.12005
2025-10-01T17:00:00,AWS,rds-prod-1,RDS,26.394,37.772,0.1455,0.658,1,0.2461
2025-10-01T17:00:00,AWS,i-0a1b2c3d4e,EC2,6.39,34.949,0.0361,0.0961,3,0.12162
2025-10-01T17:00:00,Azure,vm-azure-01,VM,9.537,28.662,0.0143,0.2353,1,0.10194
2025-10-01T18:00:00,AWS,i-0a1b2c3d4e,EC2,0.319,30.503,0.1195,0.0169,4,0.11639
2025-10-01T18:00:00,Azure,vm-azure-01,VM,0.0,31.876,0.4532,0.0568,0,0.09457
2025-10-01T18:00:00,AWS,rds-prod-1,RDS,15.498,45.678,0.4051,0.0526,4,0.23578
2025-10-01T19:00:00,AWS,rds-prod-1,RDS,18.907,37.702,0.8295,0.5948,3,0.23554
2025-10-01T19:00:00,AWS,i-0a1b2c3d4e,EC2,9.134,32.861,0.0588,0.2962,3,0.12936
2025-10-01T19:00:00,Azure,vm-azure-01,VM,1.124,26.059,1.2374,0.3495,1,0.09431
2025-10-01T20:00:00,AWS,rds-prod-1,RDS,31.247,38.892,0.3899,0.9271,1,0.25144
2025-10-01T20:00:00,Azure,vm-azure-01,VM,3.807,22.273,0.0528,0.1585,2,0.09259
2025-10-01T20:00:00,AWS,i-0a1b2c3d4e,EC2,8.663,30.308,0.6734,1.251,2,0.12559
2025-10-01T21:00:00,AWS,i-0a1b2c3d4e,EC2,10.295,34.102,0.0597,0.6082,1,0.12657
2025-10-01T21:00:00,AWS,rds-prod-1,RDS,27.435,44.848,0.1126,0.0407,2,0.24917
2025-10-01T21:00:00,Azure,vm-azure-01,VM,17.032,24.199,0.0363,0.0291,0,0.11079
2025-10-01T22:00:00,Azure,vm-azure-01,VM,16.14,27.453,0.2952,0.6165,1,0.10947
2025-10-01T22:00:00,AWS,i-0a1b2c3d4e,EC2,5.574,31.315,0.4561,0.1764,2,0.12313
2025-10-01T22:00:00,AWS,rds-prod-1,RDS,31.414,42.812,0.2717,0.1078,2,0.25563
2025-10-01T23:00:00,AWS,rds-prod-1,RDS,29.451,46.971,0.2633,1.045,1,0.25082
2025-10-01T23:00:00,AWS,i-0a1b2c3d4e,EC2,25.965,33.288,0.7913,0.0176,4,0.14227
2025-10-01T23:00:00,Azure,vm-azure-01,VM,9.358,29.277,0.3217,0.8466,4,0.10402
2025-10-02T00:00:00,AWS,i-0a1b2c3d4e,EC2,21.326,37.568,0.8839,1.0559,2,0.14113
2025-10-02T00:00:00,AWS,rds-prod-1,RDS,33.151,36.032,1.0462,1.218,1,0.24963
2025-10-02T00:00:00,Azure,vm-azure-01,VM,9.539,28.985,0.0491,0.0084,2,0.10153
2025-10-02T01:00:00,Azure,vm-azure-01,VM,17.7,30.232,0.7185,0.0777,0,0.11489
2025-10-02T01:00:00,AWS,i-0a1b2c3d4e,EC2,29.456,35.744,0.4671,0.4989,2,0.14923
2025-10-02T01:00:00,AWS,rds-prod-1,RDS,39.76,42.707,0.0114,0.5807,2,0.25505
2025-10-02T02:00:00,AWS,rds-prod-1,RDS,36.012,41.272,0.1108,0.3551,1,0.2551
2025-10-02T02:00:00,Azure,vm-azure-01,VM,25.73,21.15,0.0037,0.2747,3,0.11497
2025-10-02T02:00:00,AWS,i-0a1b2c3d4e,EC2,23.717,27.889,0.5281,1.5032,4,0.13644
2025-10-02T03:00:00,AWS,rds-prod-1,RDS,36.781,42.48,0.375,0.3643,3,0.25928
2025-10-02T03:00:00,Azure,vm-azure-01,VM,18.406,37.92,0.2686,0.1494,3,0.11822
2025-10-02T03:00:00,AWS,i-0a1b2c3d4e,EC2,26.886,36.818,1.7795,0.2012,1,0.14391
2025-10-02T04:00:00,Azure,vm-azure-01,VM,13.574,23.001,0.4172,1.243,4,0.10564
2025-10-02T04:00:00,AWS,i-0a1b2c3d4e,EC2,29.072,33.5,0.0028,0.0038,1,0.14646
2025-10-02T04:00:00,AWS,rds-prod-1,RDS,42.541,47.394,0.2832,0.8821,2,0.26833
2025-10-02T05:00:00,AWS,rds-prod-1,RDS,34.931,46.545,0.0552,0.1356,2,0.25928
2025-10-02T05:00:00,Azure,vm-azure-01,VM,23.796,36.298,0.3808,0.4992,1,0.12168
2025-10-02T05:00:00,AWS,i-0a1b2c3d4e,EC2,36.362,32.329,1.3423,0.2529,0,0.15276
2025-10-02T06:00:00,Azure,vm-azure-01,VM,20.448,43.428,0.7525,0.1245,1,0.12328
2025-10-02T06:00:00,AWS,rds-prod-1,RDS,34.095,45.393,0.2976,0.4921,1,0.25869
2025-10-02T06:00:00,AWS,i-0a1b2c3d4e,EC2,30.518,31.351,1.0366,0.3402,2,0.14259
2025-10-02T07:00:00,AWS,i-0a1b2c3d4e,EC2,21.739,40.898,0.4681,0.1851,3,0.14321
2025-10-02T07:00:00,AWS,rds-prod-1,RDS,38.129,44.884,0.5755,0.0099,6,0.26312
2025-10-02T07:00:00,Azure,vm-azure-01,VM,11.548,29.89,0.4407,0.058,2,0.10841
2025-10-02T08:00:00,AWS,i-0a1b2c3d4e,EC2,36.721,42.917,0.0608,0.2421,2,0.1592
2025-10-02T08:00:00,Azure,vm-azure-01,VM,27.124,38.753,0.4766,1.115,0,0.1283
2025-10-02T08:00:00,AWS,rds-prod-1,RDS,42.185,50.724,0.116,1.2517,4,0.27
2025-10-02T09:00:00,Azure,vm-azure-01,VM,27.722,30.838,0.1651,0.2648,1,0.12165
2025-10-02T09:00:00,AWS,rds-prod-1,RDS,39.376,49.538,0.0028,0.1031,0,0.26576
2025-10-02T09:00:00,AWS,i-0a1b2c3d4e,EC2,26.23,43.441,0.2246,0.4503,0,0.15026
2025-10-02T10:00:00,Azure,vm-azure-01,VM,13.643,27.511,0.0036,0.5701,1,0.10643
2025-10-02T10:00:00,AWS,rds-prod-1,RDS,34.382,46.009,0.0987,0.5207,2,0.26084
2025-10-02T10:00:00,AWS,i-0a1b2c3d4e,EC2,29.766,38.648,0.6436,0.0642,1,0.14902
2025-10-02T11:00:00,AWS,rds-prod-1,RDS,33.197,49.308,0.2374,0.3115,0,0.25805
2025-10-02T11:00:00,AWS,i-0a1b2c3d4e,EC2,21.548,35.78,0.4304,0.0224,0,0.13567
2025-10-02T11:00:00,Azure,vm-azure-01,VM,18.206,25.31,0.23,0.7343,3,0.11278
2025-10-02T12:00:00,Azure,vm-azure-01,VM,17.45,32.191,0.1121,0.8177,3,0.11729
2025-10-02T12:00:00,AWS,rds-prod-1,RDS,30.799,40.123,0.38,0.0395,2,0.2461
2025-10-02T12:00:00,AWS,i-0a1b2c3d4e,EC2,24.277,40.149,0.9341,0.5896,2,0.14714
2025-10-02T13:00:00,AWS,i-0a1b2c3d4e,EC2,16.162,34.861,1.2423,0.2819,2,0.13411
2025-10-02T13:00:00,Azure,vm-azure-01,VM,17.302,28.856,1.3461,0.5482,1,0.11118
2025-10-02T13:00:00,AWS,rds-prod-1,RDS,30.762,47.648,1.3993,0.557,0,0.25141
2025-10-02T14:00:00,AWS,i-0a1b2c3d4e,EC2,10.066,38.428,0.0913,0.2815,1,0.12938
2025-10-02T14:00:00,Azure,vm-azure-01,VM,6.051,27.492,0.5767,0.3498,2,0.10038
2025-10-02T14:00:00,AWS,rds-prod-1,RDS,24.07,44.856,0.9312,0.271,3,0.24393
2025-10-02T15:00:00,Azure,vm-azure-01,VM,12.718,23.301,0.4929,0.146,5,0.10444
2025-10-02T15:00:00,AWS,rds-prod-1,RDS,16.416,33.268,0.0568,0.0787,0,0.23229
2025-10-02T15:00:00,AWS,i-0a1b2c3d4e,EC2,12.122,25.814,0.0372,0.2635,2,0.12746
2025-10-02T16:00:00,AWS,i-0a1b2c3d4e,EC2,11.208,31.791,0.5828,0.0757,1,0.12623
2025-10-02T16:00:00,Azure,vm-azure-01,VM,1.998,26.061,0.2706,0.9596,1,0.09396
2025-10-02T16:00:00,AWS,rds-prod-1,RDS,25.314,46.066,0.5182,0.8764,0,0.25072
2025-10-02T17:00:00,AWS,i-0a1b2c3d4e,EC2,9.793,29.817,0.0872,0.0118,2,0.12396
2025-10-02T17:00:00,AWS,rds-prod-1,RDS,21.885,41.004,0.3818,0.2383,3,0.24145
2025-10-02T17:00:00,Azure,vm-azure-01,VM,6.816,19.181,0.7777,0.1331,2,0.09897
2025-10-02T18:00:00,AWS,rds-prod-1,RDS,19.299,37.899,0.2057,0.6328,1,0.23596
2025-10-02T18:00:00,AWS,i-0a1b2c3d4e,EC2,9.533,30.916,1.0964,0.4618,4,0.1226
2025-10-02T18:00:00,Azure,vm-azure-01,VM,6.306,29.093,0.068,0.2789,1,0.10357
2025-10-02T19:00:00,Azure,vm-azure-01,VM,5.474,25.262,1.5007,0.3836,3,0.09958
2025-10-02T19:00:00,AWS,i-0a1b2c3d4e,EC2,11.055,37.1,0.7175,0.8968,1,0.13407
2025-10-02T19:00:00,AWS,rds-prod-1,RDS,21.106,38.119,0.2609,0.2197,2,0.24114
2025-10-02T20:00:00,AWS,rds-prod-1,RDS,17.666,35.073,0.3443,0.2101,1,0.23758
2025-10-02T20:00:00,AWS,i-0a1b2c3d4e,EC2,10.499,28.782,0.1575,1.6969,2,0.12448
2025-10-02T20:00:00,Azure,vm-azure-01,VM,4.644,30.337,0.2027,0.3386,2,0.09928
2025-10-02T21:00:00,AWS,rds-prod-1,RDS,26.265,41.352,0.1149,0.6682,3,0.24967
2025-10-02T21:00:00,Azure,vm-azure-01,VM,5.93,26.006,0.0925,0.3087,1,0.09946
2025-10-02T21:00:00,AWS,i-0a1b2c3d4e,EC2,24.6,32.632,0.4213,0.4847,1,0.14271
2025-10-02T22:00:00,Azure,vm-azure-01,VM,0.0,30.457,0.2965,1.6837,1,0.09375
2025-10-02T22:00:00,AWS,i-0a1b2c3d4e,EC2,7.377,33.464,1.6625,1.201,3,0.12278
2025-10-02T22:00:00,AWS,rds-prod-1,RDS,26.982,43.179,0.6406,0.1056,1,0.24543
2025-10-02T23:00:00,Azure,vm-azure-01,VM,15.673,34.415,0.2068,0.4148,2,0.11204
2025-10-02T23:00:00,AWS,i-0a1b2c3d4e,EC2,21.778,33.207,1.9813,0.3303,3,0.13604
2025-10-02T23:00:00,AWS,rds-prod-1,RDS,22.149,47.683,0.0244,0.2434,1,0.2465
2025-10-03T00:00:00,AWS,rds-prod-1,RDS,25.512,42.45,1.3772,0.0093,1,0.24512
2025-10-03T00:00:00,Azure,vm-azure-01,VM,13.292,33.469,0.6413,0.1923,1,0.11139
2025-10-03T00:00:00,AWS,i-0a1b2c3d4e,EC2,21.202,25.321,0.339,0.4305,5,0.13619
2025-10-03T01:00:00,Azure,vm-azure-01,VM,16.594,24.463,0.606,0.5378,3,0.10949
2025-10-03T01:00:00,AWS,i-0a1b2c3d4e,EC2,21.566,35.753,0.3571,0.4925,1,0.14145
2025-10-03T01:00:00,AWS,rds-prod-1,RDS,30.63,52.314,0.7625,0.3783,1,0.25463
2025-10-03T02:00:00,AWS,i-0a1b2c3d4e,EC2,29.76,41.905,0.0722,0.1779,2,0.15262
2025-10-03T02:00:00,AWS,rds-prod-1,RDS,30.984,44.573,0.3664,0.4136,2,0.25155
2025-10-03T02:00:00,Azure,vm-azure-01,VM,20.253,38.459,0.1784,0.082,1,0.11909
2025-10-03T03:00:00,Azure,vm-azure-01,VM,17.662,34.283,0.8093,0.314,1,0.11598
2025-10-03T03:00:00,AWS,i-0a1b2c3d4e,EC2,29.636,41.436,0.6745,0.0771,6,0.15139
2025-10-03T03:00:00,AWS,rds-prod-1,RDS,32.632,51.383,0.7631,0.3038,2,0.25639
2025-10-03T04:00:00,Azure,vm-azure-01,VM,23.896,29.216,0.3341,0.4905,3,0.11715
2025-10-03T04:00:00,AWS,rds-prod-1,RDS,28.318,49.688,0.355,0.0121,3,0.25537
2025-10-03T04:00:00,AWS,i-0a1b2c3d4e,EC2,20.459,32.8,0.0341,0.2145,0,0.13307
2025-10-03T05:00:00,Azure,vm-azure-01,VM,26.737,33.726,0.1792,0.1432,1,0.12414
2025-10-03T05:00:00,AWS,i-0a1b2c3d4e,EC2,30.726,39.834,0.7912,0.6139,0,0.14901
2025-10-03T05:00:00,AWS,rds-prod-1,RDS,37.737,49.576,0.2499,0.9372,2,0.26349
2025-10-03T06:00:00,Azure,vm-azure-01,VM,22.329,35.604,0.9053,0.3587,2,0.11745
2025-10-03T06:00:00,AWS,rds-prod-1,RDS,210.068,52.514,0.121,0.6287,2,0.43366
2025-10-03T06:00:00,AWS,i-0a1b2c3d4e,EC2,25.01,36.946,0.165,0.8135,3,0.14364
2025-10-03T07:00:00,Azure,vm-azure-01,VM,26.82,32.104,0.0729,0.0787,5,0.12481
2025-10-03T07:00:00,AWS,rds-prod-1,RDS,40.83,48.143,0.1284,0.3277,1,0.26615
2025-10-03T07:00:00,AWS,i-0a1b2c3d4e,EC2,29.775,33.218,0.5218,0.0656,3,0.14879
2025-10-03T08:00:00,AWS,rds-prod-1,RDS,43.352,52.366,0.3103,0.626,1,0.26841
2025-10-03T08:00:00,Azure,vm-azure-01,VM,19.801,40.768,1.2631,0.5253,0,0.11816
2025-10-03T08:00:00,AWS,i-0a1b2c3d4e,EC2,23.133,42.459,0.6258,0.8645,3,0.1407
2025-10-03T09:00:00,AWS,i-0a1b2c3d4e,EC2,26.931,39.876,0.0279,0.6904,1,0.14497
2025-10-03T09:00:00,AWS,rds-prod-1,RDS,34.431,47.727,0.7638,0.6857,2,0.2616
2025-10-03T09:00:00,Azure,vm-azure-01,VM,13.635,33.515,0.0658,0.2562,3,0.10908
2025-10-03T10:00:00,AWS,i-0a1b2c3d4e,EC2,29.775,33.369,0.0324,0.9142,0,0.14514
2025-10-03T10:00:00,AWS,rds-prod-1,RDS,37.224,50.903,0.1542,0.5823,2,0.26264
2025-10-03T10:00:00,Azure,vm-azure-01,VM,21.905,30.72,0.6142,0.1056,1,0.11993
2025-10-03T11:00:00,AWS,rds-prod-1,RDS,27.698,43.376,0.157,0.139,2,0.25079
2025-10-03T11:00:00,AWS,i-0a1b2c3d4e,EC2,21.07,30.911,0.9248,0.188,4,0.13489
2025-10-03T11:00:00,Azure,vm-azure-01,VM,8.283,31.745,0.0959,0.238,6,0.10587
2025-10-03T12:00:00,Azure,vm-azure-01,VM,17.937,35.657,0.0912,0.7983,1,0.11796
2025-10-03T12:00:00,AWS,rds-prod-1,RDS,28.763,46.333,0.5026,0.7154,3,0.25159
2025-10-03T12:00:00,AWS,i-0a1b2c3d4e,EC2,19.672,42.927,0.2452,0.5008,1,0.14152
2025-10-03T13:00:00,Azure,vm-azure-01,VM,1.456,34.844,0.9048,0.1213,0,0.10112
2025-10-03T13:00:00,AWS,rds-prod-1,RDS,34.603,44.367,0.2547,0.4778,2,0.25681
2025-10-03T13:00:00,AWS,i-0a1b2c3d4e,EC2,17.754,29.484,0.0557,0.7612,1,0.13461
2025-10-03T14:00:00,AWS,rds-prod-1,RDS,23.853,43.099,0.1186,0.3487,0,0.25082
2025-10-03T14:00:00,AWS,i-0a1b2c3d4e,EC2,0.837,32.568,0.306,0.1172,2,0.11777
2025-10-03T14:00:00,Azure,vm-azure-01,VM,11.946,27.503,0.0512,0.1805,3,0.10318
2025-10-03T15:00:00,AWS,i-0a1b2c3d4e,EC2,14.431,33.953,0.3196,1.0608,2,0.12913
2025-10-03T15:00:00,AWS,rds-prod-1,RDS,25.528,42.304,0.2678,1.3321,2,0.24791
2025-10-03T15:00:00,Azure,vm-azure-01,VM,11.864,30.56,0.1084,0.8769,3,0.10634
2025-10-03T16:00:00,AWS,i-0a1b2c3d4e,EC2,17.713,33.91,0.1896,0.5176,2,0.13358
2025-10-03T16:00:00,AWS,rds-prod-1,RDS,24.745,43.974,0.4907,2.1482,1,0.24833
2025-10-03T16:00:00,Azure,vm-azure-01,VM,8.737,25.391,0.3009,0.077,2,0.10012
2025-10-03T17:00:00,AWS,rds-prod-1,RDS,28.507,31.537,0.2177,0.5058,2,0.24301
2025-10-03T17:00:00,AWS,i-0a1b2c3d4e,EC2,9.527,30.334,0.1557,0.9024,0,0.12269
2025-10-03T17:00:00,Azure,vm-azure-01,VM,4.162,21.413,0.7638,0.2923,3,0.09711
2025-10-03T18:00:00,AWS,rds-prod-1,RDS,32.994,33.104,0.7373,0.5413,2,0.25119
2025-10-03T18:00:00,Azure,vm-azure-01,VM,11.892,25.463,0.2245,0.3714,2,0.10834
2025-10-03T18:00:00,AWS,i-0a1b2c3d4e,EC2,8.91,19.445,0.259,0.3785,1,0.12267
2025-10-03T19:00:00,Azure,vm-azure-01,VM,10.195,25.507,0.3562,0.3946,1,0.10228
2025-10-03T19:00:00,AWS,i-0a1b2c3d4e,EC2,11.422,34.385,0.7412,0.3683,1,0.12717
2025-10-03T19:00:00,AWS,rds-prod-1,RDS,15.783,41.54,2.3894,0.1741,1,0.23715
2025-10-03T20:00:00,AWS,rds-prod-1,RDS,27.381,33.648,0.3504,0.5192,1,0.24256
2025-10-03T20:00:00,Azure,vm-azure-01,VM,1.952,16.052,0.0271,0.0191,3,0.08963
2025-10-03T20:00:00,AWS,i-0a1b2c3d4e,EC2,10.151,31.439,0.1543,0.0089,2,0.1262
2025-10-03T21:00:00,AWS,i-0a1b2c3d4e,EC2,13.183,32.158,0.7579,0.3062,1,0.12975
2025-10-03T21:00:00,AWS,rds-prod-1,RDS,22.747,33.827,0.0842,0.9454,4,0.24104
2025-10-03T21:00:00,Azure,vm-azure-01,VM,1.129,22.54,0.5182,0.5263,2,0.09074
2025-10-03T22:00:00,AWS,i-0a1b2c3d4e,EC2,14.484,25.927,0.6881,0.321,0,0.12852
2025-10-03T22:00:00,Azure,vm-azure-01,VM,17.992,30.434,0.0037,0.3651,0,0.11329
2025-10-03T22:00:00,AWS,rds-prod-1,RDS,25.722,35.165,0.1528,0.1178,1,0.24416
2025-10-03T23:00:00,AWS,rds-prod-1,RDS,36.027,50.263,0.2274,1.3756,0,0.25731
2025-10-03T23:00:00,Azure,vm-azure-01,VM,14.883,31.373,0.5598,0.0336,1,0.11044
2025-10-03T23:00:00,AWS,i-0a1b2c3d4e,EC2,17.67,32.883,0.1277,0.109,1,0.13281
2025-10-04T00:00:00,Azure,vm-azure-01,VM,5.869,34.189,0.0897,0.3503,5,0.10343
2025-10-04T00:00:00,AWS,i-0a1b2c3d4e,EC2,21.629,33.522,0.5052,0.2456,2,0.14036
2025-10-04T00:00:00,AWS,rds-prod-1,RDS,27.386,47.011,0.1754,0.6312,0,0.2499
2025-10-04T01:00:00,AWS,i-0a1b2c3d4e,EC2,22.208,35.015,0.0797,0.0039,2,0.14002
2025-10-04T01:00:00,Azure,vm-azure-01,VM,22.096,29.417,0.1416,0.3077,3,0.11686
2025-10-04T01:00:00,AWS,rds-prod-1,RDS,34.007,50.144,0.8887,0.0212,0,0.26141
2025-10-04T02:00:00,AWS,rds-prod-1,RDS,39.095,47.958,0.2484,0.932,0,0.26436
2025-10-04T02:00:00,AWS,i-0a1b2c3d4e,EC2,25.019,30.995,0.5691,0.0397,2,0.13767
2025-10-04T02:00:00,Azure,vm-azure-01,VM,27.54,30.418,0.5911,2.3358,2,0.12421
2025-10-04T03:00:00,AWS,i-0a1b2c3d4e,EC2,25.738,36.819,1.6173,0.1097,5,0.14532
2025-10-04T03:00:00,AWS,rds-prod-1,RDS,35.72,49.406,0.3003,1.3941,0,0.25877
2025-10-04T03:00:00,Azure,vm-azure-01,VM,23.827,34.902,0.0308,1.0973,1,0.12074
2025-10-04T04:00:00,AWS,i-0a1b2c3d4e,EC2,29.609,36.682,1.9864,0.1054,7,0.14939
2025-10-04T04:00:00,AWS,rds-prod-1,RDS,30.256,47.331,1.0197,0.4644,2,0.25262
2025-10-04T04:00:00,Azure,vm-azure-01,VM,22.968,32.635,0.971,0.2521,1,0.11935
2025-10-04T05:00:00,AWS,i-0a1b2c3d4e,EC2,23.193,36.004,0.4163,0.7384,1,0.14214
2025-10-04T05:00:00,Azure,vm-azure-01,VM,32.697,34.747,0.03,0.1521,1,0.13065
2025-10-04T05:00:00,AWS,rds-prod-1,RDS,38.026,57.839,1.0377,0.6916,1,0.26633
2025-10-04T06:00:00,AWS,rds-prod-1,RDS,34.997,46.58,0.2009,0.1572,2,0.25691
2025-10-04T06:00:00,AWS,i-0a1b2c3d4e,EC2,23.748,42.418,0.1941,0.9421,1,0.14916
2025-10-04T06:00:00,Azure,vm-azure-01,VM,28.048,28.779,0.6391,1.4175,4,0.11897
2025-10-04T07:00:00,AWS,rds-prod-1,RDS,37.101,54.924,0.7067,0.5497,2,0.26298
2025-10-04T07:00:00,Azure,vm-azure-01,VM,25.767,35.175,0.3874,1.7339,1,0.12251
2025-10-04T07:00:00,AWS,i-0a1b2c3d4e,EC2,28.424,38.396,0.2536,1.2599,1,0.14633
2025-10-04T08:00:00,AWS,i-0a1b2c3d4e,EC2,35.758,36.928,1.2531,1.5072,3,0.1518
2025-10-04T08:00:00,Azure,vm-azure-01,VM,26.795,33.222,0.1061,0.4778,1,0.12403
2025-10-04T08:00:00,AWS,rds-prod-1,RDS,52.781,47.913,0.6285,0.0581,1,0.2741
2025-10-04T09:00:00,Azure,vm-azure-01,VM,22.72,36.761,0.0285,0.3862,0,0.1199
2025-10-04T09:00:00,AWS,i-0a1b2c3d4e,EC2,30.725,38.593,0.1248,0.0199,0,0.14811
2025-10-04T09:00:00,AWS,rds-prod-1,RDS,35.877,53.678,1.504,0.5029,2,0.2626
2025-10-04T10:00:00,AWS,rds-prod-1,RDS,25.528,50.019,0.1736,0.017,2,0.24786
2025-10-04T10:00:00,Azure,vm-azure-01,VM,25.144,34.507,0.5214,1.736,3,0.12144
2025-10-04T10:00:00,AWS,i-0a1b2c3d4e,EC2,17.299,45.434,0.4339,0.3636,2,0.13964
2025-10-04T11:00:00,AWS,i-0a1b2c3d4e,EC2,27.196,35.784,0.3441,0.1145,1,0.14811
2025-10-04T11:00:00,AWS,rds-prod-1,RDS,30.16,40.343,0.0969,0.4673,2,0.24808
2025-10-04T11:00:00,Azure,vm-azure-01,VM,30.285,31.135,1.5029,0.2419,3,0.12304
2025-10-04T12:00:00,AWS,i-0a1b2c3d4e,EC2,6.979,35.796,0.8327,0.9034,3,0.12132
2025-10-04T12:00:00,AWS,rds-prod-1,RDS,32.23,46.199,0.6529,1.3142,2,0.25478
2025-10-04T12:00:00,Azure,vm-azure-01,VM,13.712,29.721,0.1254,0.7581,1,0.10887
2025-10-04T13:00:00,AWS,rds-prod-1,RDS,25.126,40.949,1.2165,1.1165,2,0.24654
2025-10-04T13:00:00,Azure,vm-azure-01,VM,12.901,30.45,0.0269,0.7636,3,0.10981
2025-10-04T13:00:00,AWS,i-0a1b2c3d4e,EC2,19.01,31.689,0.0684,0.7252,0,0.13469
2025-10-04T14:00:00,AWS,i-0a1b2c3d4e,EC2,11.342,28.407,0.1812,0.131,0,0.1269
2025-10-04T14:00:00,Azure,vm-azure-01,VM,6.538,24.864,0.7864,0.1035,0,0.09812
2025-10-04T14:00:00,AWS,rds-prod-1,RDS,26.496,45.47,0.2114,1.1205,2,0.24986
2025-10-04T15:00:00,Azure,vm-azure-01,VM,13.219,27.231,1.1595,1.3032,0,0.10923
2025-10-04T15:00:00,AWS,i-0a1b2c3d4e,EC2,7.185,34.13,0.2746,0.1804,3,0.12518
2025-10-04T15:00:00,AWS,rds-prod-1,RDS,15.506,43.898,0.1321,0.0005,5,0.24015
2025-10-04T16:00:00,AWS,i-0a1b2c3d4e,EC2,8.352,36.359,0.4466,0.5409,0,0.12749
2025-10-04T16:00:00,AWS,rds-prod-1,RDS,28.817,39.531,0.3741,0.1904,1,0.24941
2025-10-04T16:00:00,Azure,vm-azure-01,VM,10.073,26.972,0.308,0.4669,3,0.10383
2025-10-04T17:00:00,AWS,i-0a1b2c3d4e,EC2,7.494,32.444,0.0217,0.1542,2,0.12393
2025-10-04T17:00:00,AWS,rds-prod-1,RDS,15.634,44.654,0.3502,1.1224,5,0.23957
2025-10-04T17:00:00,Azure,vm-azure-01,VM,19.932,24.434,0.2033,0.3689,1,0.10989
2025-10-04T18:00:00,Azure,vm-azure-01,VM,2.482,24.398,0.7031,1.5525,1,0.09385
2025-10-04T18:00:00,AWS,rds-prod-1,RDS,26.76,48.398,0.5333,0.3436,0,0.25394
2025-10-04T18:00:00,AWS,i-0a1b2c3d4e,EC2,19.978,42.44,0.2304,1.351,5,0.14288
2025-10-04T19:00:00,Azure,vm-azure-01,VM,0.365,27.369,0.2443,0.2726,1,0.09765
2025-10-04T19:00:00,AWS,rds-prod-1,RDS,17.927,37.324,0.088,0.2326,4,0.2352
2025-10-04T19:00:00,AWS,i-0a1b2c3d4e,EC2,7.254,27.937,0.2044,1.9204,5,0.11902
2025-10-04T20:00:00,Azure,vm-azure-01,VM,7.433,23.885,1.2631,0.1578,4,0.09777
2025-10-04T20:00:00,AWS,rds-prod-1,RDS,21.739,41.954,1.9927,0.2061,2,0.24167
2025-10-04T20:00:00,AWS,i-0a1b2c3d4e,EC2,14.817,34.066,0.2425,0.0128,1,0.12881
2025-10-04T21:00:00,AWS,rds-prod-1,RDS,19.264,37.811,0.0942,0.0541,1,0.23813
2025-10-04T21:00:00,AWS,i-0a1b2c3d4e,EC2,11.144,35.026,0.3953,1.7062,0,0.12981
2025-10-04T21:00:00,Azure,vm-azure-01,VM,0.0,25.552,0.1795,0.2423,3,0.09565
2025-10-04T22:00:00,AWS,rds-prod-1,RDS,27.296,41.322,0.6339,0.0379,6,0.24861
2025-10-04T22:00:00,Azure,vm-azure-01,VM,15.001,37.249,0.4537,0.2279,2,0.11327
2025-10-04T22:00:00,AWS,i-0a1b2c3d4e,EC2,13.81,33.576,0.8047,0.4023,1,0.12836
2025-10-04T23:00:00,Azure,vm-azure-01,VM,14.408,30.147,0.1424,0.0185,0,0.11049
2025-10-04T23:00:00,AWS,rds-prod-1,RDS,23.236,50.318,0.0162,0.3168,5,0.25255
2025-10-04T23:00:00,AWS,i-0a1b2c3d4e,EC2,12.351,35.212,0.7965,0.1442,4,0.13158
2025-10-05T00:00:00,AWS,rds-prod-1,RDS,28.56,46.724,0.1644,0.0273,2,0.25232
2025-10-05T00:00:00,Azure,vm-azure-01,VM,15.154,20.682,0.6463,0.0601,2,0.1067
2025-10-05T00:00:00,AWS,i-0a1b2c3d4e,EC2,11.119,36.635,0.1832,0.2177,3,0.12836
2025-10-05T01:00:00,AWS,rds-prod-1,RDS,38.763,44.224,0.2485,1.2354,0,0.26556
2025-10-05T01:00:00,Azure,vm-azure-01,VM,22.378,38.525,0.2655,0.0745,3,0.12265
2025-10-05T01:00:00,AWS,i-0a1b2c3d4e,EC2,14.051,31.828,0.0291,0.2341,4,0.13244
2025-10-05T02:00:00,AWS,i-0a1b2c3d4e,EC2,23.529,35.388,0.1617,0.2828,1,0.14425
2025-10-05T02:00:00,AWS,rds-prod-1,RDS,19.307,46.952,0.3658,0.0754,1,0.24195
2025-10-05T02:00:00,Azure,vm-azure-01,VM,19.49,29.13,0.706,0.7903,2,0.11467
2025-10-05T03:00:00,AWS,i-0a1b2c3d4e,EC2,24.004,35.965,0.2127,0.2534,1,0.14539
2025-10-05T03:00:00,AWS,rds-prod-1,RDS,44.581,54.181,0.5687,0.3179,2,0.27324
2025-10-05T03:00:00,Azure,vm-azure-01,VM,25.377,31.932,0.0982,0.1368,1,0.12297
2025-10-05T04:00:00,AWS,i-0a1b2c3d4e,EC2,33.402,34.186,1.7295,0.4627,0,0.1494
2025-10-05T04:00:00,Azure,vm-azure-01,VM,26.72,27.427,0.2916,0.2129,4,0.12262
2025-10-05T04:00:00,AWS,rds-prod-1,RDS,38.355,49.608,0.0732,0.4977,1,0.26351
2025-10-05T05:00:00,AWS,i-0a1b2c3d4e,EC2,28.301,46.523,0.5228,0.1556,0,0.15424
2025-10-05T05:00:00,AWS,rds-prod-1,RDS,41.405,46.955,0.1334,0.3683,1,0.26615
2025-10-05T05:00:00,Azure,vm-azure-01,VM,21.92,29.486,0.4052,0.3749,2,0.11811
2025-10-05T06:00:00,Azure,vm-azure-01,VM,28.049,26.681,0.0378,0.7806,2,0.11896
2025-10-05T06:00:00,AWS,rds-prod-1,RDS,43.067,47.493,0.0915,0.0144,3,0.26791
2025-10-05T06:00:00,AWS,i-0a1b2c3d4e,EC2,35.95,44.055,0.4708,0.1876,3,0.15755
2025-10-05T07:00:00,Azure,vm-azure-01,VM,31.476,32.409,0.4234,0.684,1,0.1295
2025-10-05T07:00:00,AWS,i-0a1b2c3d4e,EC2,31.043,46.487,0.5699,0.2623,0,0.15574
2025-10-05T07:00:00,AWS,rds-prod-1,RDS,46.022,51.569,0.0478,0.5681,3,0.26797
2025-10-05T08:00:00,AWS,i-0a1b2c3d4e,EC2,31.521,39.081,0.2546,0.9157,1,0.15101
2025-10-05T08:00:00,Azure,vm-azure-01,VM,24.058,37.365,0.5416,1.1679,0,0.12331
2025-10-05T08:00:00,AWS,rds-prod-1,RDS,35.673,51.596,0.1517,0.3593,2,0.26008
2025-10-05T09:00:00,AWS,rds-prod-1,RDS,42.762,46.42,0.3949,0.1204,2,0.26753
2025-10-05T09:00:00,AWS,i-0a1b2c3d4e,EC2,26.199,39.437,1.2299,0.2846,1,0.14518
2025-10-05T09:00:00,Azure,vm-azure-01,VM,23.359,30.25,0.2879,0.1312,2,0.11814
2025-10-05T10:00:00,AWS,rds-prod-1,RDS,38.302,46.911,0.0059,0.4432,2,0.26263
2025-10-05T10:00:00,AWS,i-0a1b2c3d4e,EC2,33.748,43.026,0.5076,0.1386,1,0.15369
2025-10-05T10:00:00,Azure,vm-azure-01,VM,15.975,33.254,0.2058,0.047,3,0.11305
2025-10-05T11:00:00,Azure,vm-azure-01,VM,11.596,35.631,0.3242,2.6074,1,0.10983
2025-10-05T11:00:00,AWS,rds-prod-1,RDS,33.421,36.71,0.1856,0.3001,3,0.25042
2025-10-05T11:00:00,AWS,i-0a1b2c3d4e,EC2,19.135,32.629,0.0323,0.3071,3,0.13379
2025-10-05T12:00:00,Azure,vm-azure-01,VM,17.378,23.012,0.1814,0.0452,0,0.10687
2025-10-05T12:00:00,AWS,rds-prod-1,RDS,35.534,46.659,0.2235,0.2814,3,0.25709
2025-10-05T12:00:00,AWS,i-0a1b2c3d4e,EC2,22.498,36.888,1.3494,0.3929,1,0.13942
2025-10-05T13:00:00,Azure,vm-azure-01,VM,7.531,27.518,0.1679,0.7871,4,0.10069
2025-10-05T13:00:00,AWS,i-0a1b2c3d4e,EC2,17.601,36.439,0.4391,0.3865,1,0.1354
2025-10-05T13:00:00,AWS,rds-prod-1,RDS,26.613,39.649,0.3695,0.0036,2,0.24712
2025-10-05T14:00:00,Azure,vm-azure-01,VM,4.731,29.211,0.2809,0.1693,3,0.09534
2025-10-05T14:00:00,AWS,i-0a1b2c3d4e,EC2,13.846,38.313,0.4975,0.1428,2,0.13204
2025-10-05T14:00:00,AWS,rds-prod-1,RDS,22.875,41.973,0.9342,1.2109,1,0.2448
2025-10-05T15:00:00,Azure,vm-azure-01,VM,8.099,28.92,1.3961,0.8176,3,0.10331
2025-10-05T15:00:00,AWS,i-0a1b2c3d4e,EC2,4.061,28.703,0.3377,1.3094,0,0.11842
2025-10-05T15:00:00,AWS,rds-prod-1,RDS,24.215,42.582,0.1852,1.8735,2,0.24514
2025-10-05T16:00:00,Azure,vm-azure-01,VM,0.0,24.57,1.63,0.1876,0,0.09181
2025-10-05T16:00:00,AWS,i-0a1b2c3d4e,EC2,5.057,33.923,0.0869,0.0875,0,0.12229
2025-10-05T16:00:00,AWS,rds-prod-1,RDS,13.688,40.18,0.6114,0.1059,2,0.23279
2025-10-05T17:00:00,AWS,i-0a1b2c3d4e,EC2,11.165,27.393,0.1707,0.1854,1,0.12552
2025-10-05T17:00:00,AWS,rds-prod-1,RDS,12.931,39.966,1.0297,0.6225,1,0.22975
2025-10-05T17:00:00,Azure,vm-azure-01,VM,3.702,15.474,0.8039,0.6725,2,0.08885
2025-10-05T18:00:00,Azure,vm-azure-01,VM,0.0,24.729,0.1343,1.3478,6,0.09368
2025-10-05T18:00:00,AWS,rds-prod-1,RDS,16.557,43.156,0.2698,0.2158,1,0.23925
2025-10-05T18:00:00,AWS,i-0a1b2c3d4e,EC2,15.245,28.133,0.7786,0.1839,3,0.13144
2025-10-05T19:00:00,AWS,rds-prod-1,RDS,21.744,38.134,1.3116,0.368,3,0.23522
2025-10-05T19:00:00,AWS,i-0a1b2c3d4e,EC2,0.0,24.568,0.9788,0.565,5,0.11231
2025-10-05T19:00:00,Azure,vm-azure-01,VM,0.0,27.917,0.0466,0.3582,2,0.09366
2025-10-05T20:00:00,AWS,i-0a1b2c3d4e,EC2,6.155,33.645,0.0625,0.0903,0,0.12049
2025-10-05T20:00:00,Azure,vm-azure-01,VM,0.0,16.958,0.4569,0.0372,4,0.08939
2025-10-05T20:00:00,AWS,rds-prod-1,RDS,17.299,39.674,0.5023,1.0607,3,0.23966
2025-10-05T21:00:00,AWS,rds-prod-1,RDS,14.61,34.969,1.1742,0.3498,3,0.23465
2025-10-05T21:00:00,Azure,vm-azure-01,VM,6.676,23.948,1.1985,1.5823,0,0.09904
2025-10-05T21:00:00,AWS,i-0a1b2c3d4e,EC2,13.204,28.626,0.0557,0.1257,2,0.125
2025-10-05T22:00:00,Azure,vm-azure-01,VM,4.061,25.911,0.4315,1.5848,1,0.09661
2025-10-05T22:00:00,AWS,rds-prod-1,RDS,28.41,45.117,0.6155,0.1467,3,0.25516
2025-10-05T22:00:00,AWS,i-0a1b2c3d4e,EC2,11.315,29.706,1.6077,0.4789,2,0.12443
2025-10-05T23:00:00,Azure,vm-azure-01,VM,18.005,26.6,0.7322,0.1543,2,0.11026
2025-10-05T23:00:00,AWS,rds-prod-1,RDS,30.398,41.152,0.6842,0.3519,3,0.2511
2025-10-05T23:00:00,AWS,i-0a1b2c3d4e,EC2,20.085,23.163,1.0221,0.499,1,0.13167
2025-10-06T00:00:00,Azure,vm-azure-01,VM,46.871,28.415,0.3567,0.3086,5,0.13971
2025-10-06T00:00:00,AWS,rds-prod-1,RDS,27.634,42.155,0.4465,0.471,1,0.24931
2025-10-06T00:00:00,AWS,i-0a1b2c3d4e,EC2,15.523,33.368,0.5889,0.1155,2,0.13212
2025-10-06T01:00:00,AWS,rds-prod-1,RDS,31.864,48.459,0.0429,0.2709,1,0.25788
2025-10-06T01:00:00,AWS,i-0a1b2c3d4e,EC2,18.763,44.409,0.5834,0.146,0,0.14288
2025-10-06T01:00:00,Azure,vm-azure-01,VM,14.502,31.722,0.1523,0.0269,3,0.10967
2025-10-06T02:00:00,AWS,i-0a1b2c3d4e,EC2,26.861,39.057,0.9268,0.3319,2,0.14621
2025-10-06T02:00:00,Azure,vm-azure-01,VM,16.99,29.967,0.1726,0.0948,3,0.11261
2025-10-06T02:00:00,AWS,rds-prod-1,RDS,40.497,44.798,0.9177,0.1955,1,0.26335
2025-10-06T03:00:00,AWS,i-0a1b2c3d4e,EC2,32.188,37.797,0.8136,1.1602,1,0.14969
2025-10-06T03:00:00,Azure,vm-azure-01,VM,15.036,31.768,0.258,0.5237,3,0.11114
2025-10-06T03:00:00,AWS,rds-prod-1,RDS,33.701,52.116,0.2256,0.1692,2,0.25964
2025-10-06T04:00:00,AWS,i-0a1b2c3d4e,EC2,31.141,39.507,0.0344,0.5225,0,0.14714
2025-10-06T04:00:00,Azure,vm-azure-01,VM,23.477,36.969,0.1908,0.7269,2,0.12213
2025-10-06T04:00:00,AWS,rds-prod-1,RDS,43.231,45.382,0.2507,0.5652,7,0.26596
2025-10-06T05:00:00,AWS,rds-prod-1,RDS,37.66,63.339,1.8254,1.2121,1,0.27068
2025-10-06T05:00:00,AWS,i-0a1b2c3d4e,EC2,32.758,37.288,0.233,0.0356,2,0.14902
2025-10-06T05:00:00,Azure,vm-azure-01,VM,21.723,32.701,0.1298,1.0706,0,0.11884
2025-10-06T06:00:00,AWS,rds-prod-1,RDS,40.575,55.709,0.4244,0.9587,1,0.26805
2025-10-06T06:00:00,AWS,i-0a1b2c3d4e,EC2,28.955,48.441,0.0027,0.8161,2,0.15458
2025-10-06T06:00:00,Azure,vm-azure-01,VM,24.083,34.921,0.8557,0.223,4,0.1188
2025-10-06T07:00:00,AWS,rds-prod-1,RDS,39.228,40.966,0.1449,0.5932,2,0.25932
2025-10-06T07:00:00,Azure,vm-azure-01,VM,29.496,40.459,0.3182,0.1109,1,0.12731
2025-10-06T07:00:00,AWS,i-0a1b2c3d4e,EC2,33.605,40.165,0.0756,0.5561,2,0.15651
2025-10-06T08:00:00,Azure,vm-azure-01,VM,31.567,32.703,0.8799,0.7375,0,0.12695
2025-10-06T08:00:00,AWS,rds-prod-1,RDS,39.517,51.679,0.1942,0.1415,0,0.26311
2025-10-06T08:00:00,AWS,i-0a1b2c3d4e,EC2,30.44,40.202,0.7109,0.4546,4,0.14885
2025-10-06T09:00:00,Azure,vm-azure-01,VM,26.28,29.331,0.0856,0.0158,2,0.11588
2025-10-06T09:00:00,AWS,rds-prod-1,RDS,38.961,58.375,0.1769,0.0178,0,0.26971
2025-10-06T09:00:00,AWS,i-0a1b2c3d4e,EC2,23.811,34.177,0.121,0.2766,2,0.13933
2025-10-06T10:00:00,AWS,rds-prod-1,RDS,40.135,44.977,0.2826,0.3017,2,0.26136
2025-10-06T10:00:00,Azure,vm-azure-01,VM,28.996,35.936,1.2128,0.212,1,0.12559
2025-10-06T10:00:00,AWS,i-0a1b2c3d4e,EC2,30.779,35.816,0.5387,0.7954,2,0.14634
2025-10-06T11:00:00,AWS,i-0a1b2c3d4e,EC2,18.113,38.683,0.1234,0.4523,3,0.13556
2025-10-06T11:00:00,AWS,rds-prod-1,RDS,23.057,45.941,0.4842,0.3929,5,0.25045
2025-10-06T11:00:00,Azure,vm-azure-01,VM,23.708,33.751,0.0001,0.138,1,0.11607
2025-10-06T12:00:00,AWS,i-0a1b2c3d4e,EC2,21.302,32.845,0.2297,0.2831,0,0.13706
2025-10-06T12:00:00,Azure,vm-azure-01,VM,15.096,24.441,1.0036,0.1381,0,0.10995
2025-10-06T12:00:00,AWS,rds-prod-1,RDS,26.392,45.555,1.1133,0.0156,3,0.24789
2025-10-06T13:00:00,AWS,i-0a1b2c3d4e,EC2,19.87,31.554,0.5496,0.1951,7,0.13578
2025-10-06T13:00:00,Azure,vm-azure-01,VM,13.464,28.064,0.0204,2.0777,1,0.1125
2025-10-06T13:00:00,AWS,rds-prod-1,RDS,26.086,40.095,0.0552,0.474,6,0.25153
2025-10-06T14:00:00,Azure,vm-azure-01,VM,18.446,34.18,0.2951,0.9043,1,0.11455
2025-10-06T14:00:00,AWS,i-0a1b2c3d4e,EC2,20.807,29.255,0.8217,0.976,2,0.13536
2025-10-06T14:00:00,AWS,rds-prod-1,RDS,32.217,35.02,0.4378,0.6931,1,0.2513
2025-10-06T15:00:00,AWS,rds-prod-1,RDS,25.236,44.45,0.4462,0.4971,2,0.24723
2025-10-06T15:00:00,AWS,i-0a1b2c3d4e,EC2,12.256,32.8,0.1875,0.5312,1,0.13152
2025-10-06T15:00:00,Azure,vm-azure-01,VM,14.569,22.573,1.3489,0.2415,1,0.10667
2025-10-06T16:00:00,AWS,rds-prod-1,RDS,22.084,39.985,0.2637,2.3443,3,0.24132
2025-10-06T16:00:00,AWS,i-0a1b2c3d4e,EC2,13.274,35.034,0.4144,0.4899,5,0.13179
2025-10-06T16:00:00,Azure,vm-azure-01,VM,6.718,29.865,1.3287,0.3306,1,0.10171
2025-10-06T17:00:00,AWS,rds-prod-1,RDS,21.921,42.506,0.2631,0.1465,4,0.24574
2025-10-06T17:00:00,AWS,i-0a1b2c3d4e,EC2,3.344,31.641,0.1189,2.7166,5,0.11496
2025-10-06T17:00:00,Azure,vm-azure-01,VM,8.791,29.521,0.0702,0.4593,0,0.10493
2025-10-06T18:00:00,AWS,rds-prod-1,RDS,23.083,35.541,1.211,0.2586,1,0.24107
2025-10-06T18:00:00,Azure,vm-azure-01,VM,2.611,20.509,0.2832,0.488,0,0.09667
2025-10-06T18:00:00,AWS,i-0a1b2c3d4e,EC2,4.705,35.927,1.421,0.0916,4,0.12026
2025-10-06T19:00:00,AWS,i-0a1b2c3d4e,EC2,12.208,28.58,0.5509,0.9081,1,0.13014
2025-10-06T19:00:00,Azure,vm-azure-01,VM,10.456,31.745,0.2044,0.7243,3,0.10711
2025-10-06T19:00:00,AWS,rds-prod-1,RDS,25.787,37.813,0.2141,0.2468,3,0.24552
2025-10-06T20:00:00,AWS,rds-prod-1,RDS,25.475,34.638,1.1654,1.6389,3,0.24114
2025-10-06T20:00:00,AWS,i-0a1b2c3d4e,EC2,15.572,32.669,0.8118,1.6211,2,0.13268
2025-10-06T20:00:00,Azure,vm-azure-01,VM,3.574,24.654,0.0477,1.2834,1,0.09672
2025-10-06T21:00:00,Azure,vm-azure-01,VM,6.546,26.918,0.1517,0.0347,0,0.10092
2025-10-06T21:00:00,AWS,rds-prod-1,RDS,26.512,35.801,1.6025,0.2934,3,0.24167
2025-10-06T21:00:00,AWS,i-0a1b2c3d4e,EC2,11.907,38.486,0.2192,0.0267,0,0.1343
2025-10-06T22:00:00,AWS,rds-prod-1,RDS,27.216,43.228,0.8771,0.9303,3,0.24652
2025-10-06T22:00:00,Azure,vm-azure-01,VM,18.099,25.027,1.2523,0.2622,1,0.11098
2025-10-06T22:00:00,AWS,i-0a1b2c3d4e,EC2,19.658,33.545,1.0724,0.538,3,0.13701
2025-10-06T23:00:00,AWS,i-0a1b2c3d4e,EC2,17.786,38.476,0.0322,0.2042,0,0.13678
2025-10-06T23:00:00,Azure,vm-azure-01,VM,10.34,32.134,0.0653,0.3818,3,0.10671
2025-10-06T23:00:00,AWS,rds-prod-1,RDS,40.119,52.183,0.0749,0.0017,2,0.26356
2025-10-07T00:00:00,AWS,rds-prod-1,RDS,27.25,42.96,0.007,0.7388,2,0.24786
2025-10-07T00:00:00,Azure,vm-azure-01,VM,14.576,30.695,0.3089,0.5563,1,0.1129
2025-10-07T00:00:00,AWS,i-0a1b2c3d4e,EC2,18.971,32.014,0.0368,0.1184,1,0.13447
2025-10-07T01:00:00,AWS,rds-prod-1,RDS,40.89,44.693,0.0369,0.8014,2,0.25957
2025-10-07T01:00:00,Azure,vm-azure-01,VM,23.146,32.7,0.1538,1.356,2,0.11856
2025-10-07T01:00:00,AWS,i-0a1b2c3d4e,EC2,21.381,36.047,0.1631,0.8005,1,0.14036
2025-10-07T02:00:00,AWS,rds-prod-1,RDS,35.788,48.28,1.7188,0.3249,2,0.26347
2025-10-07T02:00:00,AWS,i-0a1b2c3d4e,EC2,21.15,32.316,0.5604,0.0323,2,0.13347
2025-10-07T02:00:00,Azure,vm-azure-01,VM,18.301,33.426,1.6399,1.1046,2,0.11821
2025-10-07T03:00:00,Azure,vm-azure-01,VM,24.887,40.626,0.6008,0.6209,0,0.12276
2025-10-07T03:00:00,AWS,rds-prod-1,RDS,43.313,56.7,0.0618,0.4049,4,0.27262
2025-10-07T03:00:00,AWS,i-0a1b2c3d4e,EC2,26.321,43.944,0.0738,0.4346,1,0.14886
2025-10-07T04:00:00,AWS,rds-prod-1,RDS,33.154,52.259,0.3557,1.0938,2,0.25649
2025-10-07T04:00:00,Azure,vm-azure-01,VM,19.281,31.107,0.3299,1.0894,2,0.11342
2025-10-07T04:00:00,AWS,i-0a1b2c3d4e,EC2,24.427,39.231,0.3077,0.183,1,0.14513
2025-10-07T05:00:00,AWS,i-0a1b2c3d4e,EC2,37.865,44.348,0.991,0.1883,5,0.1614
2025-10-07T05:00:00,AWS,rds-prod-1,RDS,46.552,51.574,0.4715,0.2264,2,0.27354
2025-10-07T05:00:00,Azure,vm-azure-01,VM,27.953,28.481,0.2634,0.7573,3,0.12221
2025-10-07T06:00:00,AWS,rds-prod-1,RDS,42.391,47.691,0.13,0.374,4,0.26851
2025-10-07T06:00:00,AWS,i-0a1b2c3d4e,EC2,13.376,34.124,0.9108,0.2242,2,0.12995
2025-10-07T06:00:00,Azure,vm-azure-01,VM,30.9,43.28,0.3332,0.3515,2,0.13064
2025-10-07T07:00:00,AWS,i-0a1b2c3d4e,EC2,28.16,47.446,0.3363,0.5175,1,0.15514
2025-10-07T07:00:00,Azure,vm-azure-01,VM,22.95,30.802,1.359,0.1014,1,0.11845
2025-10-07T07:00:00,AWS,rds-prod-1,RDS,50.126,45.946,0.52,0.1008,3,0.27395
2025-10-07T08:00:00,Azure,vm-azure-01,VM,17.32,33.657,0.1554,0.3558,1,0.11335
2025-10-07T08:00:00,AWS,rds-prod-1,RDS,42.084,46.796,0.4982,0.4428,2,0.26274
2025-10-07T08:00:00,AWS,i-0a1b2c3d4e,EC2,29.744,34.941,0.1024,0.1633,1,0.145
2025-10-07T09:00:00,Azure,vm-azure-01,VM,18.345,33.116,0.0047,0.2921,0,0.11613
2025-10-07T09:00:00,AWS,rds-prod-1,RDS,35.543,52.728,0.7903,0.1131,5,0.26023
2025-10-07T09:00:00,AWS,i-0a1b2c3d4e,EC2,28.174,43.407,0.229,0.0455,3,0.14885
2025-10-07T10:00:00,AWS,rds-prod-1,RDS,30.363,52.654,0.7724,0.207,1,0.2532
2025-10-07T10:00:00,AWS,i-0a1b2c3d4e,EC2,27.043,36.269,0.1436,0.1528,0,0.14789
2025-10-07T10:00:00,Azure,vm-azure-01,VM,31.759,30.292,1.0155,0.5422,3,0.12716
2025-10-07T11:00:00,Azure,vm-azure-01,VM,15.86,30.76,0.8368,0.96,3,0.11153
2025-10-07T11:00:00,AWS,i-0a1b2c3d4e,EC2,26.033,35.727,0.2163,0.0492,2,0.14153
2025-10-07T11:00:00,AWS,rds-prod-1,RDS,27.312,44.998,0.2163,0.9077,0,0.25023
